Item,Element,year Code,year,Unit,value
potato,Producer Ppaddy Index (2014-2016 = 100),1992,1992,,7.63
lentil,Producer Ppaddy Index (2014-2016 = 100),1991,1991,,10.16
potato,Producer Ppaddy Index (2014-2016 = 100),1991,1991,,11.56
lentil,Producer Ppaddy Index (2014-2016 = 100),1994,1994,,12.14
lentil,Producer Ppaddy Index (2014-2016 = 100),1992,1992,,12.2
potato,Producer Ppaddy Index (2014-2016 = 100),1993,1993,,12.77
lentil,Producer Ppaddy Index (2014-2016 = 100),1995,1995,,13.74
millet,Producer Ppaddy Index (2014-2016 = 100),1991,1991,,13.84
paddy,Producer Ppaddy Index (2014-2016 = 100),1991,1991,,14.26
lentil,Producer Ppaddy Index (2014-2016 = 100),1993,1993,,14.81
maize,Producer Ppaddy Index (2014-2016 = 100),1991,1991,,15.59
millet,Producer Ppaddy Index (2014-2016 = 100),1992,1992,,15.62
maize,Producer Ppaddy Index (2014-2016 = 100),1992,1992,,15.85
lentil,Producer Ppaddy Index (2014-2016 = 100),1996,1996,,16.5
wheat,Producer Ppaddy Index (2014-2016 = 100),1991,1991,,16.72
barley,Producer Ppaddy Index (2014-2016 = 100),1991,1991,,16.74
wheat,Producer Ppaddy Index (2014-2016 = 100),1992,1992,,17.76
barley,Producer Ppaddy Index (2014-2016 = 100),1992,1992,,17.78
lentil,Producer Ppaddy Index (2014-2016 = 100),1997,1997,,18
millet,Producer Ppaddy Index (2014-2016 = 100),1993,1993,,18.1
"jute, raw or retted",Producer Ppaddy Index (2014-2016 = 100),1992,1992,,18.63
jute,Producer Ppaddy Index (2014-2016 = 100),1992,1992,,18.63
potato,Producer Ppaddy Index (2014-2016 = 100),1994,1994,,18.79
"jute, raw or retted",Producer Ppaddy Index (2014-2016 = 100),1993,1993,,18.87
jute,Producer Ppaddy Index (2014-2016 = 100),1993,1993,,18.87
potato,Producer Ppaddy Index (2014-2016 = 100),1995,1995,,19.85
paddy,Producer Ppaddy Index (2014-2016 = 100),1992,1992,,20.3
maize,Producer Ppaddy Index (2014-2016 = 100),1994,1994,,20.59
maize,Producer Ppaddy Index (2014-2016 = 100),1993,1993,,20.63
paddy,Producer Ppaddy Index (2014-2016 = 100),1995,1995,,20.67
millet,Producer Ppaddy Index (2014-2016 = 100),1994,1994,,20.72
wheat,Producer Ppaddy Index (2014-2016 = 100),1993,1993,,20.84
barley,Producer Ppaddy Index (2014-2016 = 100),1993,1993,,20.86
wheat,Producer Ppaddy Index (2014-2016 = 100),1994,1994,,21.04
barley,Producer Ppaddy Index (2014-2016 = 100),1994,1994,,21.06
wheat,Producer Ppaddy Index (2014-2016 = 100),1995,1995,,21.4
barley,Producer Ppaddy Index (2014-2016 = 100),1995,1995,,21.42
"jute, raw or retted",Producer Ppaddy Index (2014-2016 = 100),1994,1994,,21.86
jute,Producer Ppaddy Index (2014-2016 = 100),1994,1994,,21.86
"jute, raw or retted",Producer Ppaddy Index (2014-2016 = 100),1991,1991,,22.28
jute,Producer Ppaddy Index (2014-2016 = 100),1991,1991,,22.28
paddy,Producer Ppaddy Index (2014-2016 = 100),1993,1993,,22.88
millet,Producer Ppaddy Index (2014-2016 = 100),1995,1995,,22.96
paddy,Producer Ppaddy Index (2014-2016 = 100),1994,1994,,23.16
potato,Producer Ppaddy Index (2014-2016 = 100),1997,1997,,23.59
lentil,Producer Ppaddy Index (2014-2016 = 100),1998,1998,,24.01
lentil,Producer Ppaddy Index (2014-2016 = 100),1999,1999,,24.01
"jute, raw or retted",Producer Ppaddy Index (2014-2016 = 100),1995,1995,,24.86
jute,Producer Ppaddy Index (2014-2016 = 100),1995,1995,,24.86
maize,Producer Ppaddy Index (2014-2016 = 100),1997,1997,,24.87
lentil,Producer Ppaddy Index (2014-2016 = 100),2000,2000,,25.21
wheat,Producer Ppaddy Index (2014-2016 = 100),1996,1996,,25.26
barley,Producer Ppaddy Index (2014-2016 = 100),1996,1996,,25.28
maize,Producer Ppaddy Index (2014-2016 = 100),1998,1998,,25.41
paddy,Producer Ppaddy Index (2014-2016 = 100),1996,1996,,25.63
maize,Producer Ppaddy Index (2014-2016 = 100),1995,1995,,25.67
potato,Producer Ppaddy Index (2014-2016 = 100),2003,2003,,26.3
lentil,Producer Ppaddy Index (2014-2016 = 100),2001,2001,,26.41
millet,Producer Ppaddy Index (2014-2016 = 100),1996,1996,,27.08
paddy,Producer Ppaddy Index (2014-2016 = 100),1999,1999,,27.56
"jute, raw or retted",Producer Ppaddy Index (2014-2016 = 100),1996,1996,,27.86
jute,Producer Ppaddy Index (2014-2016 = 100),1996,1996,,27.86
paddy,Producer Ppaddy Index (2014-2016 = 100),1997,1997,,28.06
maize,Producer Ppaddy Index (2014-2016 = 100),1999,1999,,28.34
wheat,Producer Ppaddy Index (2014-2016 = 100),1998,1998,,28.61
barley,Producer Ppaddy Index (2014-2016 = 100),1998,1998,,28.64
wheat,Producer Ppaddy Index (2014-2016 = 100),1997,1997,,28.76
barley,Producer Ppaddy Index (2014-2016 = 100),1997,1997,,28.78
paddy,Producer Ppaddy Index (2014-2016 = 100),2001,2001,,29.65
potato,Producer Ppaddy Index (2014-2016 = 100),2004,2004,,30.26
millet,Producer Ppaddy Index (2014-2016 = 100),1999,1999,,30.37
potato,Producer Ppaddy Index (2014-2016 = 100),1998,1998,,30.64
"jute, raw or retted",Producer Ppaddy Index (2014-2016 = 100),1997,1997,,30.86
jute,Producer Ppaddy Index (2014-2016 = 100),1997,1997,,30.86
wheat,Producer Ppaddy Index (2014-2016 = 100),1999,1999,,30.98
paddy,Producer Ppaddy Index (2014-2016 = 100),1998,1998,,31.01
barley,Producer Ppaddy Index (2014-2016 = 100),1999,1999,,31.65
potato,Producer Ppaddy Index (2014-2016 = 100),2000,2000,,31.79
millet,Producer Ppaddy Index (2014-2016 = 100),2000,2000,,32.14
millet,Producer Ppaddy Index (2014-2016 = 100),2005,2005,,32.18
maize,Producer Ppaddy Index (2014-2016 = 100),1996,1996,,32.34
millet,Producer Ppaddy Index (2014-2016 = 100),1997,1997,,32.34
millet,Producer Ppaddy Index (2014-2016 = 100),2006,2006,,32.71
maize,Producer Ppaddy Index (2014-2016 = 100),2001,2001,,32.95
maize,Producer Ppaddy Index (2014-2016 = 100),2000,2000,,33
tea,Producer Ppaddy Index (2014-2016 = 100),1992,1992,,33.26
millet,Producer Ppaddy Index (2014-2016 = 100),1998,1998,,33.32
millet,Producer Ppaddy Index (2014-2016 = 100),2001,2001,,33.43
potato,Producer Ppaddy Index (2014-2016 = 100),1999,1999,,33.66
tea,Producer Ppaddy Index (2014-2016 = 100),1993,1993,,33.68
"jute, raw or retted",Producer Ppaddy Index (2014-2016 = 100),1998,1998,,33.86
jute,Producer Ppaddy Index (2014-2016 = 100),1998,1998,,33.86
paddy,Producer Ppaddy Index (2014-2016 = 100),2000,2000,,34.1
potato,Producer Ppaddy Index (2014-2016 = 100),2001,2001,,34.23
millet,Producer Ppaddy Index (2014-2016 = 100),2002,2002,,34.45
potato,Producer Ppaddy Index (2014-2016 = 100),2002,2002,,34.52
potato,Producer Ppaddy Index (2014-2016 = 100),1996,1996,,34.59
wheat,Producer Ppaddy Index (2014-2016 = 100),2000,2000,,34.64
barley,Producer Ppaddy Index (2014-2016 = 100),2000,2000,,34.67
paddy,Producer Ppaddy Index (2014-2016 = 100),2002,2002,,34.78
millet,Producer Ppaddy Index (2014-2016 = 100),2004,2004,,35.06
maize,Producer Ppaddy Index (2014-2016 = 100),2002,2002,,35.1
millet,Producer Ppaddy Index (2014-2016 = 100),2003,2003,,35.11
paddy,Producer Ppaddy Index (2014-2016 = 100),2003,2003,,35.17
tea,Producer Ppaddy Index (2014-2016 = 100),1994,1994,,35.25
tea,Producer Ppaddy Index (2014-2016 = 100),1998,1998,,35.55
wheat,Producer Ppaddy Index (2014-2016 = 100),2001,2001,,35.64
barley,Producer Ppaddy Index (2014-2016 = 100),2001,2001,,35.67
wheat,Producer Ppaddy Index (2014-2016 = 100),2002,2002,,35.73
barley,Producer Ppaddy Index (2014-2016 = 100),2002,2002,,35.76
maize,Producer Ppaddy Index (2014-2016 = 100),2003,2003,,35.77
wheat,Producer Ppaddy Index (2014-2016 = 100),2003,2003,,35.97
barley,Producer Ppaddy Index (2014-2016 = 100),2003,2003,,36
maize,Producer Ppaddy Index (2014-2016 = 100),2005,2005,,36.07
tea,Producer Ppaddy Index (2014-2016 = 100),1996,1996,,36.25
lentil,Producer Ppaddy Index (2014-2016 = 100),2003,2003,,36.37
maize,Producer Ppaddy Index (2014-2016 = 100),2006,2006,,36.66
"jute, raw or retted",Producer Ppaddy Index (2014-2016 = 100),1999,1999,,36.86
tea,Producer Ppaddy Index (2014-2016 = 100),2001,2001,,36.86
jute,Producer Ppaddy Index (2014-2016 = 100),1999,1999,,36.86
chickpeas,Producer Ppaddy Index (2014-2016 = 100),1992,1992,,36.87
tea,Producer Ppaddy Index (2014-2016 = 100),1995,1995,,36.95
tea,Producer Ppaddy Index (2014-2016 = 100),1999,1999,,37.13
millet,Producer Ppaddy Index (2014-2016 = 100),2007,2007,,37.29
chickpeas,Producer Ppaddy Index (2014-2016 = 100),1993,1993,,37.33
tea,Producer Ppaddy Index (2014-2016 = 100),1997,1997,,37.73
tea,Producer Ppaddy Index (2014-2016 = 100),2000,2000,,38.15
paddy,Producer Ppaddy Index (2014-2016 = 100),2004,2004,,38.62
chickpeas,Producer Ppaddy Index (2014-2016 = 100),1994,1994,,39.07
wheat,Producer Ppaddy Index (2014-2016 = 100),2004,2004,,39.14
barley,Producer Ppaddy Index (2014-2016 = 100),2004,2004,,39.17
potato,Producer Ppaddy Index (2014-2016 = 100),2008,2008,,39.26
maize,Producer Ppaddy Index (2014-2016 = 100),2004,2004,,39.29
chickpeas,Producer Ppaddy Index (2014-2016 = 100),1998,1998,,39.4
tea,Producer Ppaddy Index (2014-2016 = 100),1991,1991,,39.77
"jute, raw or retted",Producer Ppaddy Index (2014-2016 = 100),2000,2000,,39.86
jute,Producer Ppaddy Index (2014-2016 = 100),2000,2000,,39.86
chickpeas,Producer Ppaddy Index (2014-2016 = 100),1996,1996,,40.18
paddy,Producer Ppaddy Index (2014-2016 = 100),2005,2005,,40.18
potato,Producer Ppaddy Index (2014-2016 = 100),2005,2005,,40.21
tea,Producer Ppaddy Index (2014-2016 = 100),2004,2004,,40.6
paddy,Producer Ppaddy Index (2014-2016 = 100),2006,2006,,40.75
chickpeas,Producer Ppaddy Index (2014-2016 = 100),2001,2001,,40.85
chickpeas,Producer Ppaddy Index (2014-2016 = 100),1995,1995,,40.96
chickpeas,Producer Ppaddy Index (2014-2016 = 100),1999,1999,,41.15
chickpeas,Producer Ppaddy Index (2014-2016 = 100),2002,2002,,41.38
paddy,Producer Ppaddy Index (2014-2016 = 100),2007,2007,,41.56
chickpeas,Producer Ppaddy Index (2014-2016 = 100),2003,2003,,41.76
maize,Producer Ppaddy Index (2014-2016 = 100),2007,2007,,41.79
chickpeas,Producer Ppaddy Index (2014-2016 = 100),1997,1997,,41.82
millet,Producer Ppaddy Index (2014-2016 = 100),2008,2008,,42.09
chickpeas,Producer Ppaddy Index (2014-2016 = 100),2000,2000,,42.28
wheat,Producer Ppaddy Index (2014-2016 = 100),2005,2005,,42.92
barley,Producer Ppaddy Index (2014-2016 = 100),2005,2005,,42.95
wheat,Producer Ppaddy Index (2014-2016 = 100),2006,2006,,43.51
barley,Producer Ppaddy Index (2014-2016 = 100),2006,2006,,43.54
chickpeas,Producer Ppaddy Index (2014-2016 = 100),2004,2004,,43.91
chickpeas,Producer Ppaddy Index (2014-2016 = 100),1991,1991,,44.08
tea,Producer Ppaddy Index (2014-2016 = 100),2003,2003,,44.37
lentil,Producer Ppaddy Index (2014-2016 = 100),2002,2002,,44.41
chickpeas,Producer Ppaddy Index (2014-2016 = 100),2005,2005,,45.65
millet,Producer Ppaddy Index (2014-2016 = 100),2009,2009,,46.57
cotton,Producer Ppaddy Index (2014-2016 = 100),1992,1992,,46.75
paddy,Producer Ppaddy Index (2014-2016 = 100),2008,2008,,46.79
tea,Producer Ppaddy Index (2014-2016 = 100),2002,2002,,47.03
maize,Producer Ppaddy Index (2014-2016 = 100),2008,2008,,47.13
cotton,Producer Ppaddy Index (2014-2016 = 100),1993,1993,,47.34
cotton seed,Producer Ppaddy Index (2014-2016 = 100),1992,1992,,47.73
cotton seed,Producer Ppaddy Index (2014-2016 = 100),1993,1993,,48.32
chickpeas,Producer Ppaddy Index (2014-2016 = 100),2006,2006,,48.96
cotton,Producer Ppaddy Index (2014-2016 = 100),1994,1994,,49.55
wheat,Producer Ppaddy Index (2014-2016 = 100),2007,2007,,49.6
tea,Producer Ppaddy Index (2014-2016 = 100),2005,2005,,49.62
barley,Producer Ppaddy Index (2014-2016 = 100),2007,2007,,49.64
cotton,Producer Ppaddy Index (2014-2016 = 100),1998,1998,,49.96
cotton seed,Producer Ppaddy Index (2014-2016 = 100),1994,1994,,50.58
cotton,Producer Ppaddy Index (2014-2016 = 100),1996,1996,,50.95
cotton seed,Producer Ppaddy Index (2014-2016 = 100),1998,1998,,51.01
lentil,Producer Ppaddy Index (2014-2016 = 100),2004,2004,,51.66
potato,Producer Ppaddy (USD/tonne),1992,1992,USD,51.7
cotton,Producer Ppaddy Index (2014-2016 = 100),2001,2001,,51.8
cotton,Producer Ppaddy Index (2014-2016 = 100),1995,1995,,51.94
coffee,Producer Ppaddy Index (2014-2016 = 100),1992,1992,,51.97
cotton seed,Producer Ppaddy Index (2014-2016 = 100),1996,1996,,52.02
cotton,Producer Ppaddy Index (2014-2016 = 100),1999,1999,,52.18
"jute, raw or retted",Producer Ppaddy Index (2014-2016 = 100),2001,2001,,52.21
"jute, raw or retted",Producer Ppaddy Index (2014-2016 = 100),2002,2002,,52.21
jute,Producer Ppaddy Index (2014-2016 = 100),2001,2001,,52.21
jute,Producer Ppaddy Index (2014-2016 = 100),2002,2002,,52.21
potato,Producer Ppaddy Index (2014-2016 = 100),2006,2006,,52.54
coffee,Producer Ppaddy Index (2014-2016 = 100),1993,1993,,52.62
cotton seed,Producer Ppaddy Index (2014-2016 = 100),2001,2001,,52.88
"jute, raw or retted",Producer Ppaddy Index (2014-2016 = 100),2006,2006,,52.91
jute,Producer Ppaddy Index (2014-2016 = 100),2006,2006,,52.91
cotton seed,Producer Ppaddy Index (2014-2016 = 100),1995,1995,,53.02
cotton,Producer Ppaddy Index (2014-2016 = 100),1997,1997,,53.03
cotton seed,Producer Ppaddy Index (2014-2016 = 100),1999,1999,,53.27
cotton,Producer Ppaddy Index (2014-2016 = 100),2000,2000,,53.62
"jute, raw or retted",Producer Ppaddy Index (2014-2016 = 100),2003,2003,,53.62
"jute, raw or retted",Producer Ppaddy Index (2014-2016 = 100),2004,2004,,53.62
"jute, raw or retted",Producer Ppaddy Index (2014-2016 = 100),2005,2005,,53.62
jute,Producer Ppaddy Index (2014-2016 = 100),2003,2003,,53.62
jute,Producer Ppaddy Index (2014-2016 = 100),2004,2004,,53.62
jute,Producer Ppaddy Index (2014-2016 = 100),2005,2005,,53.62
tea,Producer Ppaddy Index (2014-2016 = 100),2006,2006,,53.7
lentil,Producer Ppaddy Index (2014-2016 = 100),2005,2005,,53.71
cotton seed,Producer Ppaddy Index (2014-2016 = 100),1997,1997,,54.14
cotton seed,Producer Ppaddy Index (2014-2016 = 100),2000,2000,,54.74
coffee,Producer Ppaddy Index (2014-2016 = 100),1994,1994,,55.08
coffee,Producer Ppaddy Index (2014-2016 = 100),1998,1998,,55.55
cotton,Producer Ppaddy Index (2014-2016 = 100),1991,1991,,55.9
wheat,Producer Ppaddy Index (2014-2016 = 100),2008,2008,,55.99
barley,Producer Ppaddy Index (2014-2016 = 100),2008,2008,,56.04
coffee,Producer Ppaddy Index (2014-2016 = 100),1996,1996,,56.65
tea,Producer Ppaddy Index (2014-2016 = 100),2007,2007,,56.92
cotton,Producer Ppaddy Index (2014-2016 = 100),2004,2004,,57.06
cotton seed,Producer Ppaddy Index (2014-2016 = 100),1991,1991,,57.07
coffee,Producer Ppaddy Index (2014-2016 = 100),2001,2001,,57.59
lentil,Producer Ppaddy Index (2014-2016 = 100),2006,2006,,57.61
coffee,Producer Ppaddy Index (2014-2016 = 100),1995,1995,,57.74
coffee,Producer Ppaddy Index (2014-2016 = 100),1999,1999,,58.01
cotton seed,Producer Ppaddy Index (2014-2016 = 100),2004,2004,,58.25
chickpeas,Producer Ppaddy Index (2014-2016 = 100),2007,2007,,58.75
coffee,Producer Ppaddy Index (2014-2016 = 100),1997,1997,,58.95
maize,Producer Ppaddy Index (2014-2016 = 100),2009,2009,,59.2
coffee,Producer Ppaddy Index (2014-2016 = 100),2000,2000,,59.61
tea,Producer Ppaddy Index (2014-2016 = 100),2008,2008,,59.66
"jute, raw or retted",Producer Ppaddy Index (2014-2016 = 100),2007,2007,,60.32
jute,Producer Ppaddy Index (2014-2016 = 100),2007,2007,,60.32
tea,Producer Ppaddy Index (2014-2016 = 100),2009,2009,,60.41
potato,Producer Ppaddy Index (2014-2016 = 100),2007,2007,,60.62
potato,Producer Ppaddy Index (2014-2016 = 100),2009,2009,,60.62
cotton,Producer Ppaddy Index (2014-2016 = 100),2010,2010,,60.8
coffee,Producer Ppaddy Index (2014-2016 = 100),2002,2002,,60.98
coffee,Producer Ppaddy Index (2014-2016 = 100),2003,2003,,60.98
"jute, raw or retted",Producer Ppaddy Index (2014-2016 = 100),2008,2008,,61.73
jute,Producer Ppaddy Index (2014-2016 = 100),2008,2008,,61.73
wheat,Producer Ppaddy Index (2014-2016 = 100),2009,2009,,61.94
barley,Producer Ppaddy Index (2014-2016 = 100),2009,2009,,61.99
cotton seed,Producer Ppaddy Index (2014-2016 = 100),2010,2010,,62.06
coffee,Producer Ppaddy Index (2014-2016 = 100),1991,1991,,62.15
cotton,Producer Ppaddy Index (2014-2016 = 100),2003,2003,,62.36
millet,Producer Ppaddy Index (2014-2016 = 100),2010,2010,,62.55
lentil,Producer Ppaddy Index (2014-2016 = 100),2007,2007,,62.75
cotton,Producer Ppaddy Index (2014-2016 = 100),2011,2011,,62.9
cotton,Producer Ppaddy Index (2014-2016 = 100),2012,2012,,62.9
millet,Producer Ppaddy Index (2014-2016 = 100),2011,2011,,63.16
cotton seed,Producer Ppaddy Index (2014-2016 = 100),2003,2003,,63.66
coffee,Producer Ppaddy Index (2014-2016 = 100),2004,2004,,64.36
tea,Producer Ppaddy Index (2014-2016 = 100),2010,2010,,64.89
cotton seed,Producer Ppaddy Index (2014-2016 = 100),2011,2011,,65.47
millet,Producer Ppaddy Index (2014-2016 = 100),2012,2012,,66.07
cotton,Producer Ppaddy Index (2014-2016 = 100),2002,2002,,66.1
coffee,Producer Ppaddy Index (2014-2016 = 100),2005,2005,,66.18
chickpeas,Producer Ppaddy Index (2014-2016 = 100),2008,2008,,66.59
cotton seed,Producer Ppaddy Index (2014-2016 = 100),2002,2002,,67.48
coffee,Producer Ppaddy Index (2014-2016 = 100),2006,2006,,68.04
paddy,Producer Ppaddy Index (2014-2016 = 100),2009,2009,,68.39
cotton,Producer Ppaddy Index (2014-2016 = 100),2005,2005,,69.75
"jute, raw or retted",Producer Ppaddy Index (2014-2016 = 100),2011,2011,,70.68
jute,Producer Ppaddy Index (2014-2016 = 100),2011,2011,,70.68
cotton seed,Producer Ppaddy Index (2014-2016 = 100),2005,2005,,71.2
wheat,Producer Ppaddy Index (2014-2016 = 100),2010,2010,,72.04
coffee,Producer Ppaddy Index (2014-2016 = 100),2007,2007,,72.13
tea,Producer Ppaddy Index (2014-2016 = 100),2011,2011,,72.5
"jute, raw or retted",Producer Ppaddy Index (2014-2016 = 100),2009,2009,,72.6
jute,Producer Ppaddy Index (2014-2016 = 100),2009,2009,,72.6
coffee,Producer Ppaddy Index (2014-2016 = 100),2009,2009,,73.17
coffee,Producer Ppaddy Index (2014-2016 = 100),2010,2010,,73.17
coffee,Producer Ppaddy Index (2014-2016 = 100),2011,2011,,73.17
coffee,Producer Ppaddy Index (2014-2016 = 100),2008,2008,,73.28
tea,Producer Ppaddy Index (2014-2016 = 100),2012,2012,,74.96
cotton,Producer Ppaddy Index (2014-2016 = 100),2006,2006,,75.48
potato,Producer Ppaddy (USD/tonne),1993,1993,USD,76.1
coffee,Producer Ppaddy Index (2014-2016 = 100),2012,2012,,76.13
maize,Producer Ppaddy Index (2014-2016 = 100),2010,2010,,76.74
cotton seed,Producer Ppaddy Index (2014-2016 = 100),2006,2006,,77.05
paddy,Producer Ppaddy Index (2014-2016 = 100),2011,2011,,77.16
coffee,Producer Ppaddy Index (2014-2016 = 100),2013,2013,,77.19
tea,Producer Ppaddy Index (2014-2016 = 100),2013,2013,,77.19
cotton,Producer Ppaddy Index (2014-2016 = 100),2013,2013,,78
"jute, raw or retted",Producer Ppaddy Index (2014-2016 = 100),2012,2012,,78
"jute, raw or retted",Producer Ppaddy Index (2014-2016 = 100),2013,2013,,78
jute,Producer Ppaddy Index (2014-2016 = 100),2012,2012,,78
jute,Producer Ppaddy Index (2014-2016 = 100),2013,2013,,78
barley,Producer Ppaddy Index (2014-2016 = 100),2010,2010,,78.34
wheat,Producer Ppaddy Index (2014-2016 = 100),2011,2011,,78.74
potato,Producer Ppaddy Index (2014-2016 = 100),2010,2010,,78.8
maize,Producer Ppaddy Index (2014-2016 = 100),2011,2011,,78.95
wheat,Producer Ppaddy Index (2014-2016 = 100),2012,2012,,79.03
paddy,Producer Ppaddy Index (2014-2016 = 100),2012,2012,,79.44
"jute, raw or retted",Producer Ppaddy Index (2014-2016 = 100),2010,2010,,79.49
jute,Producer Ppaddy Index (2014-2016 = 100),2010,2010,,79.49
cotton seed,Producer Ppaddy Index (2014-2016 = 100),2012,2012,,79.62
cotton seed,Producer Ppaddy Index (2014-2016 = 100),2013,2013,,79.62
paddy,Producer Ppaddy Index (2014-2016 = 100),2010,2010,,79.96
barley,Producer Ppaddy Index (2014-2016 = 100),2011,2011,,81.06
lentil,Producer Ppaddy Index (2014-2016 = 100),2008,2008,,81.62
maize,Producer Ppaddy Index (2014-2016 = 100),2012,2012,,81.74
potato,Producer Ppaddy Index (2014-2016 = 100),2011,2011,,82.36
barley,Producer Ppaddy Index (2014-2016 = 100),2012,2012,,83.7
potato,Producer Ppaddy Index (2014-2016 = 100),2012,2012,,83.74
cotton,Producer Ppaddy Index (2014-2016 = 100),2007,2007,,86.05
barley,Producer Ppaddy Index (2014-2016 = 100),2013,2013,,87
maize,Producer Ppaddy Index (2014-2016 = 100),2013,2013,,87
millet,Producer Ppaddy Index (2014-2016 = 100),2013,2013,,87
potato,Producer Ppaddy Index (2014-2016 = 100),2013,2013,,87
wheat,Producer Ppaddy Index (2014-2016 = 100),2013,2013,,87
paddy,Producer Ppaddy Index (2014-2016 = 100),2013,2013,,87.68
cotton seed,Producer Ppaddy Index (2014-2016 = 100),2007,2007,,87.84
chickpeas,Producer Ppaddy Index (2014-2016 = 100),2011,2011,,87.92
lentil,Producer Ppaddy Index (2014-2016 = 100),2011,2011,,87.92
cotton,Producer Ppaddy Index (2014-2016 = 100),2008,2008,,89.22
coffee,Producer Ppaddy Index (2014-2016 = 100),2014,2014,,89.31
tea,Producer Ppaddy Index (2014-2016 = 100),2014,2014,,89.31
cotton,Producer Ppaddy Index (2014-2016 = 100),2014,2014,,89.69
"jute, raw or retted",Producer Ppaddy Index (2014-2016 = 100),2014,2014,,89.69
jute,Producer Ppaddy Index (2014-2016 = 100),2014,2014,,89.69
cotton seed,Producer Ppaddy Index (2014-2016 = 100),2008,2008,,91.08
cotton seed,Producer Ppaddy Index (2014-2016 = 100),2014,2014,,91.57
chickpeas,Producer Ppaddy Index (2014-2016 = 100),2012,2012,,92.42
chickpeas,Producer Ppaddy Index (2014-2016 = 100),2013,2013,,92.42
lentil,Producer Ppaddy Index (2014-2016 = 100),2012,2012,,92.42
lentil,Producer Ppaddy Index (2014-2016 = 100),2013,2013,,92.42
potato,Producer Ppaddy Index (2014-2016 = 100),2018,2018,,92.46
chickpeas,Producer Ppaddy Index (2014-2016 = 100),2014,2014,,93.53
lentil,Producer Ppaddy Index (2014-2016 = 100),2014,2014,,93.53
barley,Producer Ppaddy Index (2014-2016 = 100),2014,2014,,93.96
maize,Producer Ppaddy Index (2014-2016 = 100),2014,2014,,93.96
millet,Producer Ppaddy Index (2014-2016 = 100),2014,2014,,93.96
potato,Producer Ppaddy Index (2014-2016 = 100),2014,2014,,93.96
wheat,Producer Ppaddy Index (2014-2016 = 100),2014,2014,,93.96
paddy,Producer Ppaddy Index (2014-2016 = 100),2014,2014,,94.26
chickpeas,Producer Ppaddy Index (2014-2016 = 100),2015,2015,,94.65
lentil,Producer Ppaddy Index (2014-2016 = 100),2015,2015,,94.65
barley,Producer Ppaddy Index (2014-2016 = 100),2021,2021,,94.72
potato,Producer Ppaddy Index (2014-2016 = 100),2019,2019,,95.18
lentil,Producer Ppaddy Index (2014-2016 = 100),2019,2019,,96.88
maize,Producer Ppaddy Index (2014-2016 = 100),2018,2018,,97.26
lentil,Producer Ppaddy Index (2014-2016 = 100),2020,2020,,97.51
maize,Producer Ppaddy Index (2014-2016 = 100),2019,2019,,99.11
lentil,Producer Ppaddy Index (2014-2016 = 100),2018,2018,,99.13
tea,Producer Ppaddy Index (2014-2016 = 100),2018,2018,,99.19
chickpeas,Producer Ppaddy Index (2014-2016 = 100),2009,2009,,99.73
chickpeas,Producer Ppaddy Index (2014-2016 = 100),2010,2010,,99.73
potato,Producer Ppaddy (USD/tonne),2003,2003,USD,100.1
paddy,Producer Ppaddy Index (2014-2016 = 100),2017,2017,,100.74
lentil,Producer Ppaddy Index (2014-2016 = 100),2021,2021,,101.11
paddy,Producer Ppaddy Index (2014-2016 = 100),2015,2015,,101.33
barley,Producer Ppaddy Index (2014-2016 = 100),2015,2015,,101.48
maize,Producer Ppaddy Index (2014-2016 = 100),2015,2015,,101.48
millet,Producer Ppaddy Index (2014-2016 = 100),2015,2015,,101.48
potato,Producer Ppaddy Index (2014-2016 = 100),2015,2015,,101.48
wheat,Producer Ppaddy Index (2014-2016 = 100),2015,2015,,101.48
paddy,Producer Ppaddy Index (2014-2016 = 100),2018,2018,,101.49
maize,Producer Ppaddy (USD/tonne),1992,1992,USD,102.4
cotton seed,Producer Ppaddy Index (2014-2016 = 100),2016,2016,,103.13
cotton,Producer Ppaddy Index (2014-2016 = 100),2015,2015,,103.15
"jute, raw or retted",Producer Ppaddy Index (2014-2016 = 100),2015,2015,,103.15
jute,Producer Ppaddy Index (2014-2016 = 100),2015,2015,,103.15
coffee,Producer Ppaddy Index (2014-2016 = 100),2015,2015,,103.34
tea,Producer Ppaddy Index (2014-2016 = 100),2015,2015,,103.34
cotton seed,Producer Ppaddy Index (2014-2016 = 100),2017,2017,,103.64
paddy,Producer Ppaddy Index (2014-2016 = 100),2016,2016,,104.41
maize,Producer Ppaddy Index (2014-2016 = 100),2017,2017,,104.43
barley,Producer Ppaddy Index (2014-2016 = 100),2016,2016,,104.56
maize,Producer Ppaddy Index (2014-2016 = 100),2016,2016,,104.56
millet,Producer Ppaddy Index (2014-2016 = 100),2016,2016,,104.56
potato,Producer Ppaddy Index (2014-2016 = 100),2016,2016,,104.56
wheat,Producer Ppaddy Index (2014-2016 = 100),2016,2016,,104.56
cotton,Producer Ppaddy Index (2014-2016 = 100),2009,2009,,104.92
cotton seed,Producer Ppaddy Index (2014-2016 = 100),2015,2015,,105.3
barley,Producer Ppaddy Index (2014-2016 = 100),2017,2017,,105.8
millet,Producer Ppaddy Index (2014-2016 = 100),2017,2017,,105.8
potato,Producer Ppaddy Index (2014-2016 = 100),2017,2017,,105.8
wheat,Producer Ppaddy Index (2014-2016 = 100),2017,2017,,105.8
paddy,Producer Ppaddy (USD/tonne),2001,2001,USD,106
maize,Producer Ppaddy (USD/tonne),1998,1998,USD,106.3
paddy,Producer Ppaddy (USD/tonne),1995,1995,USD,106.8
cotton seed,Producer Ppaddy Index (2014-2016 = 100),2009,2009,,107.11
cotton,Producer Ppaddy Index (2014-2016 = 100),2016,2016,,107.16
"jute, raw or retted",Producer Ppaddy Index (2014-2016 = 100),2016,2016,,107.16
jute,Producer Ppaddy Index (2014-2016 = 100),2016,2016,,107.16
coffee,Producer Ppaddy Index (2014-2016 = 100),2016,2016,,107.35
tea,Producer Ppaddy Index (2014-2016 = 100),2016,2016,,107.35
paddy,Producer Ppaddy (USD/tonne),1999,1999,USD,108.2
wheat,Producer Ppaddy Index (2014-2016 = 100),2018,2018,,109.31
lentil,Producer Ppaddy Index (2014-2016 = 100),2022,2022,,109.34
millet,Producer Ppaddy Index (2014-2016 = 100),2018,2018,,110.06
paddy,Producer Ppaddy Index (2014-2016 = 100),2019,2019,,110.26
cotton,Producer Ppaddy Index (2014-2016 = 100),2017,2017,,110.83
"jute, raw or retted",Producer Ppaddy Index (2014-2016 = 100),2017,2017,,110.83
jute,Producer Ppaddy Index (2014-2016 = 100),2017,2017,,110.83
coffee,Producer Ppaddy Index (2014-2016 = 100),2017,2017,,111
tea,Producer Ppaddy Index (2014-2016 = 100),2017,2017,,111
cotton seed,Producer Ppaddy Index (2014-2016 = 100),2018,2018,,111.06
potato,Producer Ppaddy Index (2014-2016 = 100),2020,2020,,111.69
chickpeas,Producer Ppaddy Index (2014-2016 = 100),2016,2016,,111.81
lentil,Producer Ppaddy Index (2014-2016 = 100),2016,2016,,111.81
millet,Producer Ppaddy (USD/tonne),1992,1992,USD,113.1
wheat,Producer Ppaddy (USD/tonne),1995,1995,USD,113.3
millet,Producer Ppaddy Index (2014-2016 = 100),2019,2019,,113.78
wheat,Producer Ppaddy (USD/tonne),1992,1992,USD,114.2
tea,Producer Ppaddy Index (2014-2016 = 100),2019,2019,,114.4
maize,Producer Ppaddy (USD/tonne),1999,1999,USD,114.6
millet,Producer Ppaddy (USD/tonne),1991,1991,USD,114.9
maize,Producer Ppaddy (USD/tonne),1994,1994,USD,115
maize,Producer Ppaddy (USD/tonne),1991,1991,USD,115.4
chickpeas,Producer Ppaddy Index (2014-2016 = 100),2017,2017,,115.64
lentil,Producer Ppaddy Index (2014-2016 = 100),2017,2017,,115.64
paddy,Producer Ppaddy Index (2014-2016 = 100),2020,2020,,115.93
maize,Producer Ppaddy Index (2014-2016 = 100),2020,2020,,116.73
wheat,Producer Ppaddy Index (2014-2016 = 100),2019,2019,,116.81
wheat,Producer Ppaddy (USD/tonne),1994,1994,USD,117
maize,Producer Ppaddy (USD/tonne),1993,1993,USD,117.1
barley,Producer Ppaddy Index (2014-2016 = 100),2019,2019,,117.42
potato,Producer Ppaddy (USD/tonne),1997,1997,USD,117.8
wheat,Producer Ppaddy (USD/tonne),1993,1993,USD,117.8
millet,Producer Ppaddy Index (2014-2016 = 100),2020,2020,,118.28
maize,Producer Ppaddy (USD/tonne),1997,1997,USD,118.3
cotton,Producer Ppaddy Index (2014-2016 = 100),2018,2018,,118.76
coffee,Producer Ppaddy Index (2014-2016 = 100),2018,2018,,118.94
potato,Producer Ppaddy (USD/tonne),2004,2004,USD,119
wheat,Producer Ppaddy (USD/tonne),1998,1998,USD,119.1
paddy,Producer Ppaddy (USD/tonne),2002,2002,USD,119.7
coffee,Producer Ppaddy Index (2014-2016 = 100),2020,2020,,119.72
cotton seed,Producer Ppaddy Index (2014-2016 = 100),2020,2020,,120.38
barley,Producer Ppaddy Index (2014-2016 = 100),2018,2018,,120.45
potato,Producer Ppaddy Index (2014-2016 = 100),2022,2022,,120.83
paddy,Producer Ppaddy (USD/tonne),1996,1996,USD,121.2
maize,Producer Ppaddy (USD/tonne),2001,2001,USD,121.3
lentil,Producer Ppaddy Index (2014-2016 = 100),2009,2009,,122.25
lentil,Producer Ppaddy Index (2014-2016 = 100),2010,2010,,122.25
wheat,Producer Ppaddy (USD/tonne),1996,1996,USD,122.4
chickpeas,Producer Ppaddy Index (2014-2016 = 100),2020,2020,,123.16
wheat,Producer Ppaddy (USD/tonne),1991,1991,USD,123.3
paddy,Producer Ppaddy (USD/tonne),2003,2003,USD,123.8
chickpeas,Producer Ppaddy Index (2014-2016 = 100),2018,2018,,123.92
maize,Producer Ppaddy (USD/tonne),2002,2002,USD,124.3
coffee,Producer Ppaddy Index (2014-2016 = 100),2019,2019,,124.65
cotton seed,Producer Ppaddy Index (2014-2016 = 100),2021,2021,,125.31
potato,Producer Ppaddy Index (2014-2016 = 100),2021,2021,,125.53
maize,Producer Ppaddy Index (2014-2016 = 100),2022,2022,,125.64
paddy,Producer Ppaddy (USD/tonne),1994,1994,USD,125.7
coffee,Producer Ppaddy Index (2014-2016 = 100),2022,2022,,125.95
paddy,Producer Ppaddy (USD/tonne),1998,1998,USD,126
wheat,Producer Ppaddy (USD/tonne),2002,2002,USD,126
paddy,Producer Ppaddy (USD/tonne),1993,1993,USD,126.2
maize,Producer Ppaddy Index (2014-2016 = 100),2021,2021,,126.66
wheat,Producer Ppaddy Index (2014-2016 = 100),2020,2020,,127.15
paddy,Producer Ppaddy (USD/tonne),1992,1992,USD,127.3
maize,Producer Ppaddy (USD/tonne),2000,2000,USD,128
chickpeas,Producer Ppaddy Index (2014-2016 = 100),2021,2021,,128.36
potato,Producer Ppaddy (USD/tonne),2002,2002,USD,128.4
cotton,Producer Ppaddy Index (2014-2016 = 100),2020,2020,,128.53
paddy,Producer Ppaddy (USD/tonne),2000,2000,USD,128.6
maize,Producer Ppaddy (USD/tonne),2003,2003,USD,129.6
paddy,Producer Ppaddy (USD/tonne),1997,1997,USD,129.6
barley,Producer Ppaddy Index (2014-2016 = 100),2020,2020,,129.7
wheat,Producer Ppaddy (USD/tonne),2003,2003,USD,129.8
wheat,Producer Ppaddy (USD/tonne),2001,2001,USD,130.6
paddy,Producer Ppaddy Index (2014-2016 = 100),2021,2021,,130.82
"jute, raw or retted",Producer Ppaddy Index (2014-2016 = 100),2018,2018,,131.1
jute,Producer Ppaddy Index (2014-2016 = 100),2018,2018,,131.1
cotton seed,Producer Ppaddy Index (2014-2016 = 100),2022,2022,,131.83
potato,Producer Ppaddy (USD/tonne),2001,2001,USD,132.3
wheat,Producer Ppaddy Index (2014-2016 = 100),2021,2021,,132.39
coffee,Producer Ppaddy Index (2014-2016 = 100),2021,2021,,132.55
cotton,Producer Ppaddy Index (2014-2016 = 100),2021,2021,,132.8
chickpeas,Producer Ppaddy Index (2014-2016 = 100),2022,2022,,132.82
wheat,Producer Ppaddy Index (2014-2016 = 100),2022,2022,,133.74
wheat,Producer Ppaddy (USD/tonne),2000,2000,USD,133.8
paddy,Producer Ppaddy Index (2014-2016 = 100),2022,2022,,133.99
chickpeas,Producer Ppaddy Index (2014-2016 = 100),2019,2019,,134.33
potato,Producer Ppaddy (USD/tonne),1998,1998,USD,134.5
tea,Producer Ppaddy Index (2014-2016 = 100),2020,2020,,134.54
cotton seed,Producer Ppaddy Index (2014-2016 = 100),2019,2019,,135.99
wheat,Producer Ppaddy (USD/tonne),1997,1997,USD,136.2
maize,Producer Ppaddy (USD/tonne),1995,1995,USD,136.4
millet,Producer Ppaddy (USD/tonne),2002,2002,USD,136.8
"jute, raw or retted",Producer Ppaddy Index (2014-2016 = 100),2020,2020,,137.61
jute,Producer Ppaddy Index (2014-2016 = 100),2020,2020,,137.61
millet,Producer Ppaddy (USD/tonne),2001,2001,USD,137.9
maize,Producer Ppaddy (USD/tonne),2006,2006,USD,139
millet,Producer Ppaddy (USD/tonne),2006,2006,USD,139
maize,Producer Ppaddy (USD/tonne),2005,2005,USD,139.4
millet,Producer Ppaddy (USD/tonne),2005,2005,USD,139.4
paddy,Producer Ppaddy (USD/tonne),2004,2004,USD,140.5
cotton,Producer Ppaddy Index (2014-2016 = 100),2022,2022,,141.02
millet,Producer Ppaddy (USD/tonne),2003,2003,USD,142.6
millet,Producer Ppaddy Index (2014-2016 = 100),2022,2022,,142.73
potato,Producer Ppaddy (USD/tonne),1999,1999,USD,142.9
"jute, raw or retted",Producer Ppaddy Index (2014-2016 = 100),2019,2019,,144.02
jute,Producer Ppaddy Index (2014-2016 = 100),2019,2019,,144.02
wheat,Producer Ppaddy (USD/tonne),2004,2004,USD,145.9
maize,Producer Ppaddy (USD/tonne),2004,2004,USD,147.1
millet,Producer Ppaddy (USD/tonne),2004,2004,USD,147.1
cotton,Producer Ppaddy Index (2014-2016 = 100),2019,2019,,147.7
paddy,Producer Ppaddy (USD/tonne),2006,2006,USD,150.1
barley,Producer Ppaddy Index (2014-2016 = 100),2022,2022,,150.6
paddy,Producer Ppaddy (USD/tonne),2005,2005,USD,150.9
millet,Producer Ppaddy Index (2014-2016 = 100),2021,2021,,154.85
maize,Producer Ppaddy (USD/tonne),1996,1996,USD,157.3
"jute, raw or retted",Producer Ppaddy (USD/tonne),1993,1993,USD,159.2
potato,Producer Ppaddy (USD/tonne),2008,2008,USD,163
potato,Producer Ppaddy (USD/tonne),2005,2005,USD,163.2
tea,Producer Ppaddy Index (2014-2016 = 100),2022,2022,,164.08
wheat,Producer Ppaddy (USD/tonne),2006,2006,USD,164.3
wheat,Producer Ppaddy (USD/tonne),2005,2005,USD,165.2
paddy,Producer Ppaddy (USD/tonne),2007,2007,USD,167.7
millet,Producer Ppaddy (USD/tonne),1997,1997,USD,172.4
maize,Producer Ppaddy (USD/tonne),2007,2007,USD,173.6
millet,Producer Ppaddy (USD/tonne),2007,2007,USD,173.6
potato,Producer Ppaddy (USD/tonne),1996,1996,USD,176.7
paddy,Producer Ppaddy (USD/tonne),2008,2008,USD,179.8
millet,Producer Ppaddy (USD/tonne),2009,2009,USD,185.6
maize,Producer Ppaddy (USD/tonne),2008,2008,USD,186.3
millet,Producer Ppaddy (USD/tonne),2008,2008,USD,186.6
tea,Producer Ppaddy Index (2014-2016 = 100),2021,2021,,196.07
wheat,Producer Ppaddy (USD/tonne),2007,2007,USD,205.1
potato,Producer Ppaddy (USD/tonne),2006,2006,USD,209.2
maize,Producer Ppaddy (USD/tonne),2009,2009,USD,210.5
barley,Producer Ppaddy (USD/tonne),2009,2009,USD,219.4
wheat,Producer Ppaddy (USD/tonne),2009,2009,USD,219.4
tea,Producer Ppaddy (USD/tonne),2001,2001,USD,219.8
barley,Producer Ppaddy (USD/tonne),2021,2021,USD,220.1
barley,Producer Ppaddy (USD/tonne),2008,2008,USD,220.5
wheat,Producer Ppaddy (USD/tonne),2008,2008,USD,220.5
potato,Producer Ppaddy (USD/tonne),2009,2009,USD,226.3
"jute, raw or retted",Producer Ppaddy Index (2014-2016 = 100),2022,2022,,227.82
jute,Producer Ppaddy Index (2014-2016 = 100),2022,2022,,227.82
"jute, raw or retted",Producer Ppaddy Index (2014-2016 = 100),2021,2021,,230.04
jute,Producer Ppaddy Index (2014-2016 = 100),2021,2021,,230.04
paddy,Producer Ppaddy (USD/tonne),2009,2009,USD,236.3
lentil,Producer Ppaddy (USD/tonne),1992,1992,USD,237.8
millet,Producer Ppaddy (USD/tonne),2012,2012,USD,239.7
maize,Producer Ppaddy (USD/tonne),2019,2019,USD,242.8
potato,Producer Ppaddy (USD/tonne),2019,2019,USD,244.8
potato,Producer Ppaddy (USD/tonne),2018,2018,USD,245.8
maize,Producer Ppaddy (USD/tonne),2018,2018,USD,246.3
tea,Producer Ppaddy (USD/tonne),2004,2004,USD,246.3
paddy,Producer Ppaddy (USD/tonne),2018,2018,USD,249.7
paddy,Producer Ppaddy (USD/tonne),2012,2012,USD,249.8
paddy,Producer Ppaddy (USD/tonne),2013,2013,USD,252.5
wheat,Producer Ppaddy (USD/tonne),2012,2012,USD,254.7
barley,Producer Ppaddy (USD/tonne),2013,2013,USD,256.5
wheat,Producer Ppaddy (USD/tonne),2013,2013,USD,256.8
maize,Producer Ppaddy (USD/tonne),2013,2013,USD,257.8
paddy,Producer Ppaddy (USD/tonne),2017,2017,USD,258.3
lentil,Producer Ppaddy (USD/tonne),1997,1997,USD,258.6
paddy,Producer Ppaddy (USD/tonne),2014,2014,USD,259
tea,Producer Ppaddy (USD/tonne),2003,2003,USD,260.4
paddy,Producer Ppaddy (USD/tonne),2016,2016,USD,260.6
paddy,Producer Ppaddy (USD/tonne),2019,2019,USD,262.4
paddy,Producer Ppaddy (USD/tonne),2020,2020,USD,262.5
millet,Producer Ppaddy (USD/tonne),2011,2011,USD,263.8
millet,Producer Ppaddy (USD/tonne),2010,2010,USD,264
barley,Producer Ppaddy (USD/tonne),2014,2014,USD,264.4
potato,Producer Ppaddy (USD/tonne),2007,2007,USD,264.4
maize,Producer Ppaddy (USD/tonne),2012,2012,USD,264.6
wheat,Producer Ppaddy (USD/tonne),2014,2014,USD,264.6
paddy,Producer Ppaddy (USD/tonne),2015,2015,USD,265.2
maize,Producer Ppaddy (USD/tonne),2014,2014,USD,265.7
barley,Producer Ppaddy (USD/tonne),2016,2016,USD,267.3
wheat,Producer Ppaddy (USD/tonne),2016,2016,USD,267.5
maize,Producer Ppaddy (USD/tonne),2016,2016,USD,268.6
barley,Producer Ppaddy (USD/tonne),2012,2012,USD,269.6
tea,Producer Ppaddy (USD/tonne),2002,2002,USD,269.9
wheat,Producer Ppaddy (USD/tonne),2010,2010,USD,270.1
potato,Producer Ppaddy (USD/tonne),2013,2013,USD,270.7
barley,Producer Ppaddy (USD/tonne),2015,2015,USD,272
maize,Producer Ppaddy (USD/tonne),2020,2020,USD,272.1
wheat,Producer Ppaddy (USD/tonne),2015,2015,USD,272.2
maize,Producer Ppaddy (USD/tonne),2015,2015,USD,273.4
potato,Producer Ppaddy (USD/tonne),2020,2020,USD,273.4
"jute, raw or retted",Producer Ppaddy (USD/tonne),2002,2002,USD,275.1
maize,Producer Ppaddy (USD/tonne),2017,2017,USD,275.6
wheat,Producer Ppaddy (USD/tonne),2018,2018,USD,275.7
maize,Producer Ppaddy (USD/tonne),2022,2022,USD,276.8
barley,Producer Ppaddy (USD/tonne),2017,2017,USD,277.9
wheat,Producer Ppaddy (USD/tonne),2017,2017,USD,278.1
potato,Producer Ppaddy (USD/tonne),2014,2014,USD,279
paddy,Producer Ppaddy (USD/tonne),2011,2011,USD,279.4
potato,Producer Ppaddy (USD/tonne),2022,2022,USD,279.6
potato,Producer Ppaddy (USD/tonne),2016,2016,USD,282
potato,Producer Ppaddy (USD/tonne),2012,2012,USD,284.6
wheat,Producer Ppaddy (USD/tonne),2019,2019,USD,285
"jute, raw or retted",Producer Ppaddy (USD/tonne),2001,2001,USD,285.8
barley,Producer Ppaddy (USD/tonne),2019,2019,USD,286.2
paddy,Producer Ppaddy (USD/tonne),2022,2022,USD,286.8
potato,Producer Ppaddy (USD/tonne),2015,2015,USD,287
"jute, raw or retted",Producer Ppaddy (USD/tonne),2003,2003,USD,288.9
maize,Producer Ppaddy (USD/tonne),2010,2010,USD,289
millet,Producer Ppaddy (USD/tonne),2013,2013,USD,289
wheat,Producer Ppaddy (USD/tonne),2011,2011,USD,292.2
paddy,Producer Ppaddy (USD/tonne),2010,2010,USD,292.5
lentil,Producer Ppaddy (USD/tonne),1999,1999,USD,293.1
potato,Producer Ppaddy (USD/tonne),2017,2017,USD,293.2
barley,Producer Ppaddy (USD/tonne),2010,2010,USD,293.5
lentil,Producer Ppaddy (USD/tonne),2001,2001,USD,293.5
wheat,Producer Ppaddy (USD/tonne),2022,2022,USD,293.5
maize,Producer Ppaddy (USD/tonne),2011,2011,USD,294.2
wheat,Producer Ppaddy (USD/tonne),2020,2020,USD,295.2
lentil,Producer Ppaddy (USD/tonne),2000,2000,USD,295.4
maize,Producer Ppaddy (USD/tonne),2021,2021,USD,295.8
paddy,Producer Ppaddy (USD/tonne),2021,2021,USD,296.8
millet,Producer Ppaddy (USD/tonne),2014,2014,USD,297.8
"jute, raw or retted",Producer Ppaddy (USD/tonne),2006,2006,USD,298.4
"jute, raw or retted",Producer Ppaddy (USD/tonne),2004,2004,USD,298.6
barley,Producer Ppaddy (USD/tonne),2011,2011,USD,300.6
barley,Producer Ppaddy (USD/tonne),2020,2020,USD,300.8
millet,Producer Ppaddy (USD/tonne),2016,2016,USD,301.1
lentil,Producer Ppaddy (USD/tonne),1998,1998,USD,303.1
barley,Producer Ppaddy (USD/tonne),2018,2018,USD,303.5
millet,Producer Ppaddy (USD/tonne),2015,2015,USD,306.4
potato,Producer Ppaddy (USD/tonne),2021,2021,USD,307.8
wheat,Producer Ppaddy (USD/tonne),2021,2021,USD,307.9
"jute, raw or retted",Producer Ppaddy (USD/tonne),2005,2005,USD,308.3
millet,Producer Ppaddy (USD/tonne),2020,2020,USD,309
tea,Producer Ppaddy (USD/tonne),2005,2005,USD,310.8
potato,Producer Ppaddy (USD/tonne),2010,2010,USD,311.5
millet,Producer Ppaddy (USD/tonne),2018,2018,USD,312.4
millet,Producer Ppaddy (USD/tonne),2019,2019,USD,312.4
millet,Producer Ppaddy (USD/tonne),2017,2017,USD,313
potato,Producer Ppaddy (USD/tonne),2011,2011,USD,322.3
tea,Producer Ppaddy (USD/tonne),2006,2006,USD,329.9
barley,Producer Ppaddy (USD/tonne),2022,2022,USD,330.2
"jute, raw or retted",Producer Ppaddy (USD/tonne),2013,2013,USD,343.8
tea,Producer Ppaddy (USD/tonne),2009,2009,USD,348.1
millet,Producer Ppaddy (USD/tonne),2022,2022,USD,352.5
"jute, raw or retted",Producer Ppaddy (USD/tonne),2008,2008,USD,363.1
tea,Producer Ppaddy (USD/tonne),2013,2013,USD,370.6
"jute, raw or retted",Producer Ppaddy (USD/tonne),2007,2007,USD,372.6
"jute, raw or retted",Producer Ppaddy (USD/tonne),2012,2012,USD,375.5
"jute, raw or retted",Producer Ppaddy (USD/tonne),2014,2014,USD,377.2
tea,Producer Ppaddy (USD/tonne),2008,2008,USD,382.2
tea,Producer Ppaddy (USD/tonne),2007,2007,USD,383
"jute, raw or retted",Producer Ppaddy (USD/tonne),2009,2009,USD,384
"jute, raw or retted",Producer Ppaddy (USD/tonne),2011,2011,USD,391.8
tea,Producer Ppaddy (USD/tonne),2012,2012,USD,393.1
tea,Producer Ppaddy (USD/tonne),2010,2010,USD,395.8
lentil,Producer Ppaddy (USD/tonne),2003,2003,USD,397.9
millet,Producer Ppaddy (USD/tonne),2021,2021,USD,405.3
tea,Producer Ppaddy (USD/tonne),2018,2018,USD,407
tea,Producer Ppaddy (USD/tonne),2014,2014,USD,409.2
"jute, raw or retted",Producer Ppaddy (USD/tonne),2016,2016,USD,409.4
"jute, raw or retted",Producer Ppaddy (USD/tonne),2015,2015,USD,413.3
"jute, raw or retted",Producer Ppaddy (USD/tonne),2017,2017,USD,435.1
tea,Producer Ppaddy (USD/tonne),2011,2011,USD,437.7
chickpeas,Producer Ppaddy (USD/tonne),2002,2002,USD,442.7
"jute, raw or retted",Producer Ppaddy (USD/tonne),2010,2010,USD,445.2
tea,Producer Ppaddy (USD/tonne),2016,2016,USD,446.8
tea,Producer Ppaddy (USD/tonne),2015,2015,USD,451
tea,Producer Ppaddy (USD/tonne),2019,2019,USD,454
chickpeas,Producer Ppaddy (USD/tonne),2001,2001,USD,454.1
chickpeas,Producer Ppaddy (USD/tonne),2003,2003,USD,456.9
tea,Producer Ppaddy (USD/tonne),2017,2017,USD,474.7
lentil,Producer Ppaddy (USD/tonne),2002,2002,USD,475.1
"jute, raw or retted",Producer Ppaddy (USD/tonne),2020,2020,USD,477.1
"jute, raw or retted",Producer Ppaddy (USD/tonne),2018,2018,USD,493.8
chickpeas,Producer Ppaddy (USD/tonne),2004,2004,USD,496.6
tea,Producer Ppaddy (USD/tonne),2020,2020,USD,508.1
"jute, raw or retted",Producer Ppaddy (USD/tonne),2019,2019,USD,524.7
chickpeas,Producer Ppaddy (USD/tonne),2005,2005,USD,532.9
cotton,Producer Ppaddy (USD/tonne),2001,2001,USD,549.4
chickpeas,Producer Ppaddy (USD/tonne),2006,2006,USD,560.7
lentil,Producer Ppaddy (USD/tonne),2004,2004,USD,584.2
tea,Producer Ppaddy (USD/tonne),2022,2022,USD,585.7
cotton,Producer Ppaddy (USD/tonne),2012,2012,USD,586.7
cotton,Producer Ppaddy (USD/tonne),2004,2004,USD,615.7
lentil,Producer Ppaddy (USD/tonne),2005,2005,USD,627
cotton,Producer Ppaddy (USD/tonne),2003,2003,USD,651.1
cotton,Producer Ppaddy (USD/tonne),2010,2010,USD,659.6
lentil,Producer Ppaddy (USD/tonne),2006,2006,USD,659.6
cotton,Producer Ppaddy (USD/tonne),2013,2013,USD,666.1
cotton,Producer Ppaddy (USD/tonne),2002,2002,USD,674.7
cotton,Producer Ppaddy (USD/tonne),2011,2011,USD,675.5
lentil,Producer Ppaddy (USD/tonne),2020,2020,USD,686.5
lentil,Producer Ppaddy (USD/tonne),2021,2021,USD,713.1
lentil,Producer Ppaddy (USD/tonne),2019,2019,USD,716.7
lentil,Producer Ppaddy (USD/tonne),2022,2022,USD,727.6
cotton,Producer Ppaddy (USD/tonne),2014,2014,USD,730.9
chickpeas,Producer Ppaddy (USD/tonne),2007,2007,USD,737
tea,Producer Ppaddy (USD/tonne),2021,2021,USD,741.8
"jute, raw or retted",Producer Ppaddy (USD/tonne),2022,2022,USD,746.6
lentil,Producer Ppaddy (USD/tonne),2018,2018,USD,758.2
chickpeas,Producer Ppaddy (USD/tonne),2015,2015,USD,770.1
lentil,Producer Ppaddy (USD/tonne),2015,2015,USD,770.1
cotton,Producer Ppaddy (USD/tonne),2005,2005,USD,776.9
lentil,Producer Ppaddy (USD/tonne),2007,2007,USD,787.1
cotton,Producer Ppaddy (USD/tonne),2016,2016,USD,793.2
chickpeas,Producer Ppaddy (USD/tonne),2008,2008,USD,795.3
chickpeas,Producer Ppaddy (USD/tonne),2014,2014,USD,798.8
lentil,Producer Ppaddy (USD/tonne),2014,2014,USD,798.8
"jute, raw or retted",Producer Ppaddy (USD/tonne),2021,2021,USD,798.9
cotton,Producer Ppaddy (USD/tonne),2015,2015,USD,800.7
cotton,Producer Ppaddy (USD/tonne),2006,2006,USD,824.7
chickpeas,Producer Ppaddy (USD/tonne),2013,2013,USD,827.2
lentil,Producer Ppaddy (USD/tonne),2013,2013,USD,827.2
cotton,Producer Ppaddy (USD/tonne),2017,2017,USD,843
chickpeas,Producer Ppaddy (USD/tonne),2016,2016,USD,867.5
lentil,Producer Ppaddy (USD/tonne),2016,2016,USD,867.5
chickpeas,Producer Ppaddy (USD/tonne),2012,2012,USD,903.5
lentil,Producer Ppaddy (USD/tonne),2012,2012,USD,903.5
chickpeas,Producer Ppaddy (USD/tonne),2017,2017,USD,921.9
lentil,Producer Ppaddy (USD/tonne),2017,2017,USD,921.9
lentil,Producer Ppaddy (USD/tonne),2008,2008,USD,974.8
chickpeas,Producer Ppaddy (USD/tonne),2011,2011,USD,989.6
lentil,Producer Ppaddy (USD/tonne),2011,2011,USD,989.6
cotton,Producer Ppaddy (USD/tonne),2008,2008,USD,1016.7
cotton,Producer Ppaddy (USD/tonne),2007,2007,USD,1029.9
chickpeas,Producer Ppaddy (USD/tonne),2009,2009,USD,1071.1
cotton,Producer Ppaddy (USD/tonne),2009,2009,USD,1075.2
chickpeas,Producer Ppaddy (USD/tonne),2010,2010,USD,1134.1
coffee,Producer Ppaddy (USD/tonne),2001,2001,USD,1134.1
coffee,Producer Ppaddy (USD/tonne),2002,2002,USD,1155.7
coffee,Producer Ppaddy (USD/tonne),2003,2003,USD,1182
coffee,Producer Ppaddy (USD/tonne),2013,2013,USD,1224
coffee,Producer Ppaddy (USD/tonne),2004,2004,USD,1289.5
lentil,Producer Ppaddy (USD/tonne),2009,2009,USD,1312.9
coffee,Producer Ppaddy (USD/tonne),2012,2012,USD,1318.4
coffee,Producer Ppaddy (USD/tonne),2014,2014,USD,1351.3
coffee,Producer Ppaddy (USD/tonne),2005,2005,USD,1368.7
coffee,Producer Ppaddy (USD/tonne),2006,2006,USD,1380.4
lentil,Producer Ppaddy (USD/tonne),2010,2010,USD,1390.2
coffee,Producer Ppaddy (USD/tonne),2009,2009,USD,1392.2
coffee,Producer Ppaddy (USD/tonne),2011,2011,USD,1459.1
coffee,Producer Ppaddy (USD/tonne),2010,2010,USD,1474.2
coffee,Producer Ppaddy (USD/tonne),2016,2016,USD,1475.5
coffee,Producer Ppaddy (USD/tonne),2015,2015,USD,1489.4
coffee,Producer Ppaddy (USD/tonne),2008,2008,USD,1550.4
coffee,Producer Ppaddy (USD/tonne),2017,2017,USD,1567.6
coffee,Producer Ppaddy (USD/tonne),2007,2007,USD,1602.9
potato,Producer Ppaddy (LCU/tonne),1992,1992,LCU,2210
potato,Producer Ppaddy (SLC/tonne),1992,1992,SLC,2210
potato,Producer Ppaddy (LCU/tonne),1993,1993,LCU,3700
potato,Producer Ppaddy (SLC/tonne),1993,1993,SLC,3700
millet,Producer Ppaddy (LCU/tonne),1991,1991,LCU,4280
millet,Producer Ppaddy (SLC/tonne),1991,1991,SLC,4280
maize,Producer Ppaddy (LCU/tonne),1991,1991,LCU,4300
maize,Producer Ppaddy (SLC/tonne),1991,1991,SLC,4300
maize,Producer Ppaddy (LCU/tonne),1992,1992,LCU,4373
maize,Producer Ppaddy (SLC/tonne),1992,1992,SLC,4373
wheat,Producer Ppaddy (LCU/tonne),1991,1991,LCU,4594
wheat,Producer Ppaddy (SLC/tonne),1991,1991,SLC,4594
millet,Producer Ppaddy (LCU/tonne),1992,1992,LCU,4830
millet,Producer Ppaddy (SLC/tonne),1992,1992,SLC,4830
wheat,Producer Ppaddy (LCU/tonne),1992,1992,LCU,4880
wheat,Producer Ppaddy (SLC/tonne),1992,1992,SLC,4880
paddy,Producer Ppaddy (LCU/tonne),1992,1992,LCU,5440
paddy,Producer Ppaddy (SLC/tonne),1992,1992,SLC,5440
paddy,Producer Ppaddy (LCU/tonne),1995,1995,LCU,5540
paddy,Producer Ppaddy (SLC/tonne),1995,1995,SLC,5540
maize,Producer Ppaddy (LCU/tonne),1994,1994,LCU,5680
maize,Producer Ppaddy (SLC/tonne),1994,1994,SLC,5680
maize,Producer Ppaddy (LCU/tonne),1993,1993,LCU,5690
maize,Producer Ppaddy (SLC/tonne),1993,1993,SLC,5690
wheat,Producer Ppaddy (LCU/tonne),1993,1993,LCU,5725
wheat,Producer Ppaddy (SLC/tonne),1993,1993,SLC,5725
wheat,Producer Ppaddy (LCU/tonne),1994,1994,LCU,5780
wheat,Producer Ppaddy (SLC/tonne),1994,1994,SLC,5780
wheat,Producer Ppaddy (LCU/tonne),1995,1995,LCU,5880
wheat,Producer Ppaddy (SLC/tonne),1995,1995,SLC,5880
paddy,Producer Ppaddy (LCU/tonne),1993,1993,LCU,6132
paddy,Producer Ppaddy (SLC/tonne),1993,1993,SLC,6132
paddy,Producer Ppaddy (LCU/tonne),1994,1994,LCU,6208
paddy,Producer Ppaddy (SLC/tonne),1994,1994,SLC,6208
potato,Producer Ppaddy (LCU/tonne),1997,1997,LCU,6833
potato,Producer Ppaddy (SLC/tonne),1997,1997,SLC,6833
maize,Producer Ppaddy (LCU/tonne),1997,1997,LCU,6860
maize,Producer Ppaddy (SLC/tonne),1997,1997,SLC,6860
paddy,Producer Ppaddy (LCU/tonne),1996,1996,LCU,6870
paddy,Producer Ppaddy (SLC/tonne),1996,1996,SLC,6870
wheat,Producer Ppaddy (LCU/tonne),1996,1996,LCU,6940
wheat,Producer Ppaddy (SLC/tonne),1996,1996,SLC,6940
maize,Producer Ppaddy (LCU/tonne),1998,1998,LCU,7010
maize,Producer Ppaddy (SLC/tonne),1998,1998,SLC,7010
maize,Producer Ppaddy (LCU/tonne),1995,1995,LCU,7080
maize,Producer Ppaddy (SLC/tonne),1995,1995,SLC,7080
paddy,Producer Ppaddy (LCU/tonne),1999,1999,LCU,7386
paddy,Producer Ppaddy (SLC/tonne),1999,1999,SLC,7386
paddy,Producer Ppaddy (LCU/tonne),1997,1997,LCU,7520
paddy,Producer Ppaddy (SLC/tonne),1997,1997,SLC,7520
potato,Producer Ppaddy (LCU/tonne),2003,2003,LCU,7618
potato,Producer Ppaddy (SLC/tonne),2003,2003,SLC,7618
"jute, raw or retted",Producer Ppaddy (LCU/tonne),1993,1993,LCU,7740
"jute, raw or retted",Producer Ppaddy (SLC/tonne),1993,1993,SLC,7740
maize,Producer Ppaddy (LCU/tonne),1999,1999,LCU,7819
maize,Producer Ppaddy (SLC/tonne),1999,1999,SLC,7819
wheat,Producer Ppaddy (LCU/tonne),1998,1998,LCU,7860
wheat,Producer Ppaddy (SLC/tonne),1998,1998,SLC,7860
wheat,Producer Ppaddy (LCU/tonne),1997,1997,LCU,7900
wheat,Producer Ppaddy (SLC/tonne),1997,1997,SLC,7900
paddy,Producer Ppaddy (LCU/tonne),2001,2001,LCU,7946
paddy,Producer Ppaddy (SLC/tonne),2001,2001,SLC,7946
paddy,Producer Ppaddy (LCU/tonne),1998,1998,LCU,8311
paddy,Producer Ppaddy (SLC/tonne),1998,1998,SLC,8311
potato,Producer Ppaddy (LCU/tonne),2004,2004,LCU,8765
potato,Producer Ppaddy (SLC/tonne),2004,2004,SLC,8765
potato,Producer Ppaddy (LCU/tonne),1998,1998,LCU,8875
potato,Producer Ppaddy (SLC/tonne),1998,1998,SLC,8875
maize,Producer Ppaddy (LCU/tonne),1996,1996,LCU,8920
maize,Producer Ppaddy (SLC/tonne),1996,1996,SLC,8920
maize,Producer Ppaddy (LCU/tonne),2001,2001,LCU,9089
maize,Producer Ppaddy (SLC/tonne),2001,2001,SLC,9089
maize,Producer Ppaddy (LCU/tonne),2000,2000,LCU,9103
maize,Producer Ppaddy (SLC/tonne),2000,2000,SLC,9103
paddy,Producer Ppaddy (LCU/tonne),2000,2000,LCU,9140
paddy,Producer Ppaddy (SLC/tonne),2000,2000,SLC,9140
paddy,Producer Ppaddy (LCU/tonne),2002,2002,LCU,9322
paddy,Producer Ppaddy (SLC/tonne),2002,2002,SLC,9322
paddy,Producer Ppaddy (LCU/tonne),2003,2003,LCU,9425
paddy,Producer Ppaddy (SLC/tonne),2003,2003,SLC,9425
wheat,Producer Ppaddy (LCU/tonne),2000,2000,LCU,9515
wheat,Producer Ppaddy (SLC/tonne),2000,2000,SLC,9515
maize,Producer Ppaddy (LCU/tonne),2002,2002,LCU,9683
maize,Producer Ppaddy (SLC/tonne),2002,2002,SLC,9683
potato,Producer Ppaddy (LCU/tonne),1999,1999,LCU,9750
potato,Producer Ppaddy (SLC/tonne),1999,1999,SLC,9750
wheat,Producer Ppaddy (LCU/tonne),2001,2001,LCU,9791
wheat,Producer Ppaddy (SLC/tonne),2001,2001,SLC,9791
wheat,Producer Ppaddy (LCU/tonne),2002,2002,LCU,9815
wheat,Producer Ppaddy (SLC/tonne),2002,2002,SLC,9815
maize,Producer Ppaddy (LCU/tonne),2003,2003,LCU,9868
maize,Producer Ppaddy (SLC/tonne),2003,2003,SLC,9868
wheat,Producer Ppaddy (LCU/tonne),2003,2003,LCU,9880
wheat,Producer Ppaddy (SLC/tonne),2003,2003,SLC,9880
potato,Producer Ppaddy (LCU/tonne),2001,2001,LCU,9915
potato,Producer Ppaddy (SLC/tonne),2001,2001,SLC,9915
maize,Producer Ppaddy (LCU/tonne),2005,2005,LCU,9951
maize,Producer Ppaddy (SLC/tonne),2005,2005,SLC,9951
millet,Producer Ppaddy (LCU/tonne),2005,2005,LCU,9951
millet,Producer Ppaddy (SLC/tonne),2005,2005,SLC,9951
millet,Producer Ppaddy (LCU/tonne),1997,1997,LCU,10000
millet,Producer Ppaddy (SLC/tonne),1997,1997,SLC,10000
potato,Producer Ppaddy (LCU/tonne),2002,2002,LCU,10000
potato,Producer Ppaddy (SLC/tonne),2002,2002,SLC,10000
potato,Producer Ppaddy (LCU/tonne),1996,1996,LCU,10019
potato,Producer Ppaddy (SLC/tonne),1996,1996,SLC,10019
maize,Producer Ppaddy (LCU/tonne),2006,2006,LCU,10113
maize,Producer Ppaddy (SLC/tonne),2006,2006,SLC,10113
millet,Producer Ppaddy (LCU/tonne),2006,2006,LCU,10113
millet,Producer Ppaddy (SLC/tonne),2006,2006,SLC,10113
lentil,Producer Ppaddy (LCU/tonne),1992,1992,LCU,10160
lentil,Producer Ppaddy (SLC/tonne),1992,1992,SLC,10160
millet,Producer Ppaddy (LCU/tonne),2001,2001,LCU,10335
millet,Producer Ppaddy (SLC/tonne),2001,2001,SLC,10335
paddy,Producer Ppaddy (LCU/tonne),2004,2004,LCU,10351
paddy,Producer Ppaddy (SLC/tonne),2004,2004,SLC,10351
millet,Producer Ppaddy (LCU/tonne),2002,2002,LCU,10652
millet,Producer Ppaddy (SLC/tonne),2002,2002,SLC,10652
wheat,Producer Ppaddy (LCU/tonne),2004,2004,LCU,10752
wheat,Producer Ppaddy (SLC/tonne),2004,2004,SLC,10752
paddy,Producer Ppaddy (LCU/tonne),2005,2005,LCU,10769
paddy,Producer Ppaddy (SLC/tonne),2005,2005,SLC,10769
maize,Producer Ppaddy (LCU/tonne),2004,2004,LCU,10839
maize,Producer Ppaddy (SLC/tonne),2004,2004,SLC,10839
millet,Producer Ppaddy (LCU/tonne),2004,2004,LCU,10839
millet,Producer Ppaddy (SLC/tonne),2004,2004,SLC,10839
millet,Producer Ppaddy (LCU/tonne),2003,2003,LCU,10856
millet,Producer Ppaddy (SLC/tonne),2003,2003,SLC,10856
paddy,Producer Ppaddy (LCU/tonne),2006,2006,LCU,10921
paddy,Producer Ppaddy (SLC/tonne),2006,2006,SLC,10921
paddy,Producer Ppaddy (LCU/tonne),2007,2007,LCU,11139
paddy,Producer Ppaddy (SLC/tonne),2007,2007,SLC,11139
potato,Producer Ppaddy (LCU/tonne),2008,2008,LCU,11370.5
potato,Producer Ppaddy (SLC/tonne),2008,2008,SLC,11370.5
maize,Producer Ppaddy (LCU/tonne),2007,2007,LCU,11529
maize,Producer Ppaddy (SLC/tonne),2007,2007,SLC,11529
millet,Producer Ppaddy (LCU/tonne),2007,2007,LCU,11529
millet,Producer Ppaddy (SLC/tonne),2007,2007,SLC,11529
potato,Producer Ppaddy (LCU/tonne),2005,2005,LCU,11646
potato,Producer Ppaddy (SLC/tonne),2005,2005,SLC,11646
wheat,Producer Ppaddy (LCU/tonne),2005,2005,LCU,11790
wheat,Producer Ppaddy (SLC/tonne),2005,2005,SLC,11790
wheat,Producer Ppaddy (LCU/tonne),2006,2006,LCU,11952
wheat,Producer Ppaddy (SLC/tonne),2006,2006,SLC,11952
paddy,Producer Ppaddy (LCU/tonne),2008,2008,LCU,12540
paddy,Producer Ppaddy (SLC/tonne),2008,2008,SLC,12540
maize,Producer Ppaddy (LCU/tonne),2008,2008,LCU,13000
maize,Producer Ppaddy (SLC/tonne),2008,2008,SLC,13000
millet,Producer Ppaddy (LCU/tonne),2008,2008,LCU,13014.4
millet,Producer Ppaddy (SLC/tonne),2008,2008,SLC,13014.4
wheat,Producer Ppaddy (LCU/tonne),2007,2007,LCU,13625
wheat,Producer Ppaddy (SLC/tonne),2007,2007,SLC,13625
millet,Producer Ppaddy (LCU/tonne),2009,2009,LCU,14397.9
millet,Producer Ppaddy (SLC/tonne),2009,2009,SLC,14397.9
lentil,Producer Ppaddy (LCU/tonne),1997,1997,LCU,15000
lentil,Producer Ppaddy (SLC/tonne),1997,1997,SLC,15000
potato,Producer Ppaddy (LCU/tonne),2006,2006,LCU,15219
potato,Producer Ppaddy (SLC/tonne),2006,2006,SLC,15219
barley,Producer Ppaddy (LCU/tonne),2008,2008,LCU,15381.1
barley,Producer Ppaddy (SLC/tonne),2008,2008,SLC,15381.1
wheat,Producer Ppaddy (LCU/tonne),2008,2008,LCU,15381.1
wheat,Producer Ppaddy (SLC/tonne),2008,2008,SLC,15381.1
maize,Producer Ppaddy (LCU/tonne),2009,2009,LCU,16330
maize,Producer Ppaddy (SLC/tonne),2009,2009,SLC,16330
tea,Producer Ppaddy (LCU/tonne),2001,2001,LCU,16472
tea,Producer Ppaddy (SLC/tonne),2001,2001,SLC,16472
barley,Producer Ppaddy (LCU/tonne),2009,2009,LCU,17016.1
barley,Producer Ppaddy (SLC/tonne),2009,2009,SLC,17016.1
wheat,Producer Ppaddy (LCU/tonne),2009,2009,LCU,17016.1
wheat,Producer Ppaddy (SLC/tonne),2009,2009,SLC,17016.1
potato,Producer Ppaddy (LCU/tonne),2009,2009,LCU,17557.4
potato,Producer Ppaddy (SLC/tonne),2009,2009,SLC,17557.4
potato,Producer Ppaddy (LCU/tonne),2007,2007,LCU,17559
potato,Producer Ppaddy (SLC/tonne),2007,2007,SLC,17559
tea,Producer Ppaddy (LCU/tonne),2004,2004,LCU,18143
tea,Producer Ppaddy (SLC/tonne),2004,2004,SLC,18143
paddy,Producer Ppaddy (LCU/tonne),2009,2009,LCU,18330
paddy,Producer Ppaddy (SLC/tonne),2009,2009,SLC,18330
millet,Producer Ppaddy (LCU/tonne),2010,2010,LCU,19341.1
millet,Producer Ppaddy (SLC/tonne),2010,2010,SLC,19341.1
millet,Producer Ppaddy (LCU/tonne),2011,2011,LCU,19529.1
millet,Producer Ppaddy (SLC/tonne),2011,2011,SLC,19529.1
wheat,Producer Ppaddy (LCU/tonne),2010,2010,LCU,19790
wheat,Producer Ppaddy (SLC/tonne),2010,2010,SLC,19790
tea,Producer Ppaddy (LCU/tonne),2003,2003,LCU,19829
tea,Producer Ppaddy (SLC/tonne),2003,2003,SLC,19829
lentil,Producer Ppaddy (LCU/tonne),1998,1998,LCU,20000
lentil,Producer Ppaddy (LCU/tonne),1999,1999,LCU,20000
lentil,Producer Ppaddy (SLC/tonne),1998,1998,SLC,20000
lentil,Producer Ppaddy (SLC/tonne),1999,1999,SLC,20000
millet,Producer Ppaddy (LCU/tonne),2012,2012,LCU,20429.1
millet,Producer Ppaddy (SLC/tonne),2012,2012,SLC,20429.1
paddy,Producer Ppaddy (LCU/tonne),2011,2011,LCU,20680
paddy,Producer Ppaddy (SLC/tonne),2011,2011,SLC,20680
lentil,Producer Ppaddy (LCU/tonne),2000,2000,LCU,21000
lentil,Producer Ppaddy (SLC/tonne),2000,2000,SLC,21000
tea,Producer Ppaddy (LCU/tonne),2002,2002,LCU,21019
tea,Producer Ppaddy (SLC/tonne),2002,2002,SLC,21019
maize,Producer Ppaddy (LCU/tonne),2010,2010,LCU,21170
maize,Producer Ppaddy (SLC/tonne),2010,2010,SLC,21170
paddy,Producer Ppaddy (LCU/tonne),2012,2012,LCU,21290
paddy,Producer Ppaddy (SLC/tonne),2012,2012,SLC,21290
"jute, raw or retted",Producer Ppaddy (LCU/tonne),2001,2001,LCU,21420
"jute, raw or retted",Producer Ppaddy (LCU/tonne),2002,2002,LCU,21420
"jute, raw or retted",Producer Ppaddy (SLC/tonne),2001,2001,SLC,21420
"jute, raw or retted",Producer Ppaddy (SLC/tonne),2002,2002,SLC,21420
paddy,Producer Ppaddy (LCU/tonne),2010,2010,LCU,21430
paddy,Producer Ppaddy (SLC/tonne),2010,2010,SLC,21430
barley,Producer Ppaddy (LCU/tonne),2010,2010,LCU,21502
barley,Producer Ppaddy (SLC/tonne),2010,2010,SLC,21502
wheat,Producer Ppaddy (LCU/tonne),2011,2011,LCU,21630
wheat,Producer Ppaddy (SLC/tonne),2011,2011,SLC,21630
"jute, raw or retted",Producer Ppaddy (LCU/tonne),2006,2006,LCU,21710
"jute, raw or retted",Producer Ppaddy (SLC/tonne),2006,2006,SLC,21710
wheat,Producer Ppaddy (LCU/tonne),2012,2012,LCU,21710
wheat,Producer Ppaddy (SLC/tonne),2012,2012,SLC,21710
maize,Producer Ppaddy (LCU/tonne),2011,2011,LCU,21780
maize,Producer Ppaddy (SLC/tonne),2011,2011,SLC,21780
"jute, raw or retted",Producer Ppaddy (LCU/tonne),2003,2003,LCU,22000
"jute, raw or retted",Producer Ppaddy (LCU/tonne),2004,2004,LCU,22000
"jute, raw or retted",Producer Ppaddy (LCU/tonne),2005,2005,LCU,22000
"jute, raw or retted",Producer Ppaddy (SLC/tonne),2003,2003,SLC,22000
"jute, raw or retted",Producer Ppaddy (SLC/tonne),2004,2004,SLC,22000
"jute, raw or retted",Producer Ppaddy (SLC/tonne),2005,2005,SLC,22000
lentil,Producer Ppaddy (LCU/tonne),2001,2001,LCU,22000
lentil,Producer Ppaddy (SLC/tonne),2001,2001,SLC,22000
tea,Producer Ppaddy (LCU/tonne),2005,2005,LCU,22178
tea,Producer Ppaddy (SLC/tonne),2005,2005,SLC,22178
barley,Producer Ppaddy (LCU/tonne),2011,2011,LCU,22250
barley,Producer Ppaddy (SLC/tonne),2011,2011,SLC,22250
maize,Producer Ppaddy (LCU/tonne),2012,2012,LCU,22550
maize,Producer Ppaddy (SLC/tonne),2012,2012,SLC,22550
potato,Producer Ppaddy (LCU/tonne),2010,2010,LCU,22824.6
potato,Producer Ppaddy (SLC/tonne),2010,2010,SLC,22824.6
barley,Producer Ppaddy (LCU/tonne),2012,2012,LCU,22974.6
barley,Producer Ppaddy (SLC/tonne),2012,2012,SLC,22974.6
paddy,Producer Ppaddy (LCU/tonne),2013,2013,LCU,23500
paddy,Producer Ppaddy (SLC/tonne),2013,2013,SLC,23500
potato,Producer Ppaddy (LCU/tonne),2011,2011,LCU,23854.7
potato,Producer Ppaddy (SLC/tonne),2011,2011,SLC,23854.7
barley,Producer Ppaddy (LCU/tonne),2013,2013,LCU,23880
barley,Producer Ppaddy (SLC/tonne),2013,2013,SLC,23880
wheat,Producer Ppaddy (LCU/tonne),2013,2013,LCU,23900
wheat,Producer Ppaddy (SLC/tonne),2013,2013,SLC,23900
maize,Producer Ppaddy (LCU/tonne),2013,2013,LCU,24000
maize,Producer Ppaddy (SLC/tonne),2013,2013,SLC,24000
tea,Producer Ppaddy (LCU/tonne),2006,2006,LCU,24000
tea,Producer Ppaddy (SLC/tonne),2006,2006,SLC,24000
potato,Producer Ppaddy (LCU/tonne),2012,2012,LCU,24254.7
potato,Producer Ppaddy (SLC/tonne),2012,2012,SLC,24254.7
"jute, raw or retted",Producer Ppaddy (LCU/tonne),2007,2007,LCU,24749
"jute, raw or retted",Producer Ppaddy (SLC/tonne),2007,2007,SLC,24749
potato,Producer Ppaddy (LCU/tonne),2013,2013,LCU,25200
potato,Producer Ppaddy (SLC/tonne),2013,2013,SLC,25200
paddy,Producer Ppaddy (LCU/tonne),2014,2014,LCU,25263
paddy,Producer Ppaddy (SLC/tonne),2014,2014,SLC,25263
"jute, raw or retted",Producer Ppaddy (LCU/tonne),2008,2008,LCU,25328.3
"jute, raw or retted",Producer Ppaddy (SLC/tonne),2008,2008,SLC,25328.3
tea,Producer Ppaddy (LCU/tonne),2007,2007,LCU,25440
tea,Producer Ppaddy (SLC/tonne),2007,2007,SLC,25440
barley,Producer Ppaddy (LCU/tonne),2014,2014,LCU,25790
barley,Producer Ppaddy (SLC/tonne),2014,2014,SLC,25790
wheat,Producer Ppaddy (LCU/tonne),2014,2014,LCU,25812
wheat,Producer Ppaddy (SLC/tonne),2014,2014,SLC,25812
maize,Producer Ppaddy (LCU/tonne),2014,2014,LCU,25920
maize,Producer Ppaddy (SLC/tonne),2014,2014,SLC,25920
barley,Producer Ppaddy (LCU/tonne),2021,2021,LCU,26000
barley,Producer Ppaddy (SLC/tonne),2021,2021,SLC,26000
tea,Producer Ppaddy (LCU/tonne),2008,2008,LCU,26663.3
tea,Producer Ppaddy (SLC/tonne),2008,2008,SLC,26663.3
potato,Producer Ppaddy (LCU/tonne),2018,2018,LCU,26780
potato,Producer Ppaddy (SLC/tonne),2018,2018,SLC,26780
maize,Producer Ppaddy (LCU/tonne),2018,2018,LCU,26830
maize,Producer Ppaddy (SLC/tonne),2018,2018,SLC,26830
millet,Producer Ppaddy (LCU/tonne),2013,2013,LCU,26900
millet,Producer Ppaddy (SLC/tonne),2013,2013,SLC,26900
tea,Producer Ppaddy (LCU/tonne),2009,2009,LCU,27000
tea,Producer Ppaddy (SLC/tonne),2009,2009,SLC,27000
paddy,Producer Ppaddy (LCU/tonne),2017,2017,LCU,27000.5
paddy,Producer Ppaddy (SLC/tonne),2017,2017,SLC,27000.5
paddy,Producer Ppaddy (LCU/tonne),2015,2015,LCU,27157
paddy,Producer Ppaddy (SLC/tonne),2015,2015,SLC,27157
paddy,Producer Ppaddy (LCU/tonne),2018,2018,LCU,27200
paddy,Producer Ppaddy (SLC/tonne),2018,2018,SLC,27200
potato,Producer Ppaddy (LCU/tonne),2014,2014,LCU,27216
potato,Producer Ppaddy (SLC/tonne),2014,2014,SLC,27216
maize,Producer Ppaddy (LCU/tonne),2019,2019,LCU,27340
maize,Producer Ppaddy (SLC/tonne),2019,2019,SLC,27340
potato,Producer Ppaddy (LCU/tonne),2019,2019,LCU,27570
potato,Producer Ppaddy (SLC/tonne),2019,2019,SLC,27570
barley,Producer Ppaddy (LCU/tonne),2015,2015,LCU,27854
barley,Producer Ppaddy (SLC/tonne),2015,2015,SLC,27854
wheat,Producer Ppaddy (LCU/tonne),2015,2015,LCU,27877
wheat,Producer Ppaddy (SLC/tonne),2015,2015,SLC,27877
paddy,Producer Ppaddy (LCU/tonne),2016,2016,LCU,27982.8
paddy,Producer Ppaddy (SLC/tonne),2016,2016,SLC,27982.8
maize,Producer Ppaddy (LCU/tonne),2015,2015,LCU,27994
maize,Producer Ppaddy (SLC/tonne),2015,2015,SLC,27994
barley,Producer Ppaddy (LCU/tonne),2016,2016,LCU,28700.4
barley,Producer Ppaddy (SLC/tonne),2016,2016,SLC,28700.4
wheat,Producer Ppaddy (LCU/tonne),2016,2016,LCU,28724.4
wheat,Producer Ppaddy (SLC/tonne),2016,2016,SLC,28724.4
maize,Producer Ppaddy (LCU/tonne),2017,2017,LCU,28807.1
maize,Producer Ppaddy (SLC/tonne),2017,2017,SLC,28807.1
maize,Producer Ppaddy (LCU/tonne),2016,2016,LCU,28844.6
maize,Producer Ppaddy (SLC/tonne),2016,2016,SLC,28844.6
"jute, raw or retted",Producer Ppaddy (LCU/tonne),2011,2011,LCU,29000
"jute, raw or retted",Producer Ppaddy (SLC/tonne),2011,2011,SLC,29000
tea,Producer Ppaddy (LCU/tonne),2010,2010,LCU,29000
tea,Producer Ppaddy (SLC/tonne),2010,2010,SLC,29000
barley,Producer Ppaddy (LCU/tonne),2017,2017,LCU,29039
barley,Producer Ppaddy (SLC/tonne),2017,2017,SLC,29039
millet,Producer Ppaddy (LCU/tonne),2014,2014,LCU,29052
millet,Producer Ppaddy (SLC/tonne),2014,2014,SLC,29052
wheat,Producer Ppaddy (LCU/tonne),2017,2017,LCU,29063.3
wheat,Producer Ppaddy (SLC/tonne),2017,2017,SLC,29063.3
potato,Producer Ppaddy (LCU/tonne),2015,2015,LCU,29393
potato,Producer Ppaddy (SLC/tonne),2015,2015,SLC,29393
paddy,Producer Ppaddy (LCU/tonne),2019,2019,LCU,29550
paddy,Producer Ppaddy (SLC/tonne),2019,2019,SLC,29550
"jute, raw or retted",Producer Ppaddy (LCU/tonne),2009,2009,LCU,29785
"jute, raw or retted",Producer Ppaddy (SLC/tonne),2009,2009,SLC,29785
wheat,Producer Ppaddy (LCU/tonne),2018,2018,LCU,30030
wheat,Producer Ppaddy (SLC/tonne),2018,2018,SLC,30030
potato,Producer Ppaddy (LCU/tonne),2016,2016,LCU,30286.8
potato,Producer Ppaddy (SLC/tonne),2016,2016,SLC,30286.8
lentil,Producer Ppaddy (LCU/tonne),2003,2003,LCU,30300
lentil,Producer Ppaddy (SLC/tonne),2003,2003,SLC,30300
potato,Producer Ppaddy (LCU/tonne),2017,2017,LCU,30644.2
potato,Producer Ppaddy (SLC/tonne),2017,2017,SLC,30644.2
paddy,Producer Ppaddy (LCU/tonne),2020,2020,LCU,31070
paddy,Producer Ppaddy (SLC/tonne),2020,2020,SLC,31070
millet,Producer Ppaddy (LCU/tonne),2015,2015,LCU,31376
millet,Producer Ppaddy (SLC/tonne),2015,2015,SLC,31376
"jute, raw or retted",Producer Ppaddy (LCU/tonne),2012,2012,LCU,32000
"jute, raw or retted",Producer Ppaddy (LCU/tonne),2013,2013,LCU,32000
"jute, raw or retted",Producer Ppaddy (SLC/tonne),2012,2012,SLC,32000
"jute, raw or retted",Producer Ppaddy (SLC/tonne),2013,2013,SLC,32000
wheat,Producer Ppaddy (LCU/tonne),2019,2019,LCU,32090
wheat,Producer Ppaddy (SLC/tonne),2019,2019,SLC,32090
maize,Producer Ppaddy (LCU/tonne),2020,2020,LCU,32200
maize,Producer Ppaddy (SLC/tonne),2020,2020,SLC,32200
barley,Producer Ppaddy (LCU/tonne),2019,2019,LCU,32230
barley,Producer Ppaddy (SLC/tonne),2019,2019,SLC,32230
millet,Producer Ppaddy (LCU/tonne),2016,2016,LCU,32330
millet,Producer Ppaddy (SLC/tonne),2016,2016,SLC,32330
potato,Producer Ppaddy (LCU/tonne),2020,2020,LCU,32350
potato,Producer Ppaddy (SLC/tonne),2020,2020,SLC,32350
tea,Producer Ppaddy (LCU/tonne),2011,2011,LCU,32400
tea,Producer Ppaddy (SLC/tonne),2011,2011,SLC,32400
"jute, raw or retted",Producer Ppaddy (LCU/tonne),2010,2010,LCU,32614.5
"jute, raw or retted",Producer Ppaddy (SLC/tonne),2010,2010,SLC,32614.5
millet,Producer Ppaddy (LCU/tonne),2017,2017,LCU,32711.5
millet,Producer Ppaddy (SLC/tonne),2017,2017,SLC,32711.5
barley,Producer Ppaddy (LCU/tonne),2018,2018,LCU,33060
barley,Producer Ppaddy (SLC/tonne),2018,2018,SLC,33060
tea,Producer Ppaddy (LCU/tonne),2012,2012,LCU,33500
tea,Producer Ppaddy (SLC/tonne),2012,2012,SLC,33500
millet,Producer Ppaddy (LCU/tonne),2018,2018,LCU,34030
millet,Producer Ppaddy (SLC/tonne),2018,2018,SLC,34030
chickpeas,Producer Ppaddy (LCU/tonne),2001,2001,LCU,34034
chickpeas,Producer Ppaddy (SLC/tonne),2001,2001,SLC,34034
chickpeas,Producer Ppaddy (LCU/tonne),2002,2002,LCU,34476
chickpeas,Producer Ppaddy (SLC/tonne),2002,2002,SLC,34476
tea,Producer Ppaddy (LCU/tonne),2013,2013,LCU,34500
tea,Producer Ppaddy (SLC/tonne),2013,2013,SLC,34500
maize,Producer Ppaddy (LCU/tonne),2022,2022,LCU,34660
maize,Producer Ppaddy (SLC/tonne),2022,2022,SLC,34660
chickpeas,Producer Ppaddy (LCU/tonne),2003,2003,LCU,34791
chickpeas,Producer Ppaddy (SLC/tonne),2003,2003,SLC,34791
wheat,Producer Ppaddy (LCU/tonne),2020,2020,LCU,34930
wheat,Producer Ppaddy (SLC/tonne),2020,2020,SLC,34930
maize,Producer Ppaddy (LCU/tonne),2021,2021,LCU,34940
maize,Producer Ppaddy (SLC/tonne),2021,2021,SLC,34940
potato,Producer Ppaddy (LCU/tonne),2022,2022,LCU,35000
potato,Producer Ppaddy (SLC/tonne),2022,2022,SLC,35000
paddy,Producer Ppaddy (LCU/tonne),2021,2021,LCU,35060
paddy,Producer Ppaddy (SLC/tonne),2021,2021,SLC,35060
millet,Producer Ppaddy (LCU/tonne),2019,2019,LCU,35180
millet,Producer Ppaddy (SLC/tonne),2019,2019,SLC,35180
barley,Producer Ppaddy (LCU/tonne),2020,2020,LCU,35600
barley,Producer Ppaddy (SLC/tonne),2020,2020,SLC,35600
paddy,Producer Ppaddy (LCU/tonne),2022,2022,LCU,35910
paddy,Producer Ppaddy (SLC/tonne),2022,2022,SLC,35910
potato,Producer Ppaddy (LCU/tonne),2021,2021,LCU,36360
potato,Producer Ppaddy (SLC/tonne),2021,2021,SLC,36360
wheat,Producer Ppaddy (LCU/tonne),2021,2021,LCU,36370
wheat,Producer Ppaddy (SLC/tonne),2021,2021,SLC,36370
millet,Producer Ppaddy (LCU/tonne),2020,2020,LCU,36570
millet,Producer Ppaddy (SLC/tonne),2020,2020,SLC,36570
chickpeas,Producer Ppaddy (LCU/tonne),2004,2004,LCU,36584
chickpeas,Producer Ppaddy (SLC/tonne),2004,2004,SLC,36584
wheat,Producer Ppaddy (LCU/tonne),2022,2022,LCU,36740
wheat,Producer Ppaddy (SLC/tonne),2022,2022,SLC,36740
"jute, raw or retted",Producer Ppaddy (LCU/tonne),2014,2014,LCU,36800
"jute, raw or retted",Producer Ppaddy (SLC/tonne),2014,2014,SLC,36800
lentil,Producer Ppaddy (LCU/tonne),2002,2002,LCU,37000
lentil,Producer Ppaddy (SLC/tonne),2002,2002,SLC,37000
chickpeas,Producer Ppaddy (LCU/tonne),2005,2005,LCU,38029
chickpeas,Producer Ppaddy (SLC/tonne),2005,2005,SLC,38029
tea,Producer Ppaddy (LCU/tonne),2014,2014,LCU,39916.5
tea,Producer Ppaddy (SLC/tonne),2014,2014,SLC,39916.5
chickpeas,Producer Ppaddy (LCU/tonne),2006,2006,LCU,40792
chickpeas,Producer Ppaddy (SLC/tonne),2006,2006,SLC,40792
cotton,Producer Ppaddy (LCU/tonne),2001,2001,LCU,41179
cotton,Producer Ppaddy (SLC/tonne),2001,2001,SLC,41179
barley,Producer Ppaddy (LCU/tonne),2022,2022,LCU,41336
barley,Producer Ppaddy (SLC/tonne),2022,2022,SLC,41336
"jute, raw or retted",Producer Ppaddy (LCU/tonne),2015,2015,LCU,42320
"jute, raw or retted",Producer Ppaddy (SLC/tonne),2015,2015,SLC,42320
lentil,Producer Ppaddy (LCU/tonne),2004,2004,LCU,43040
lentil,Producer Ppaddy (SLC/tonne),2004,2004,SLC,43040
"jute, raw or retted",Producer Ppaddy (LCU/tonne),2016,2016,LCU,43964.7
"jute, raw or retted",Producer Ppaddy (SLC/tonne),2016,2016,SLC,43964.7
millet,Producer Ppaddy (LCU/tonne),2022,2022,LCU,44130
millet,Producer Ppaddy (SLC/tonne),2022,2022,SLC,44130
tea,Producer Ppaddy (LCU/tonne),2018,2018,LCU,44330
tea,Producer Ppaddy (SLC/tonne),2018,2018,SLC,44330
lentil,Producer Ppaddy (LCU/tonne),2005,2005,LCU,44745
lentil,Producer Ppaddy (SLC/tonne),2005,2005,SLC,44745
cotton,Producer Ppaddy (LCU/tonne),2004,2004,LCU,45358
cotton,Producer Ppaddy (SLC/tonne),2004,2004,SLC,45358
"jute, raw or retted",Producer Ppaddy (LCU/tonne),2017,2017,LCU,45470.4
"jute, raw or retted",Producer Ppaddy (SLC/tonne),2017,2017,SLC,45470.4
tea,Producer Ppaddy (LCU/tonne),2015,2015,LCU,46183.4
tea,Producer Ppaddy (SLC/tonne),2015,2015,SLC,46183.4
millet,Producer Ppaddy (LCU/tonne),2021,2021,LCU,47880
millet,Producer Ppaddy (SLC/tonne),2021,2021,SLC,47880
tea,Producer Ppaddy (LCU/tonne),2016,2016,LCU,47978.2
tea,Producer Ppaddy (SLC/tonne),2016,2016,SLC,47978.2
lentil,Producer Ppaddy (LCU/tonne),2006,2006,LCU,47993
lentil,Producer Ppaddy (SLC/tonne),2006,2006,SLC,47993
cotton,Producer Ppaddy (LCU/tonne),2010,2010,LCU,48327.3
cotton,Producer Ppaddy (SLC/tonne),2010,2010,SLC,48327.3
chickpeas,Producer Ppaddy (LCU/tonne),2007,2007,LCU,48950
chickpeas,Producer Ppaddy (SLC/tonne),2007,2007,SLC,48950
cotton,Producer Ppaddy (LCU/tonne),2003,2003,LCU,49573
cotton,Producer Ppaddy (SLC/tonne),2003,2003,SLC,49573
tea,Producer Ppaddy (LCU/tonne),2017,2017,LCU,49609.4
tea,Producer Ppaddy (SLC/tonne),2017,2017,SLC,49609.4
cotton,Producer Ppaddy (LCU/tonne),2011,2011,LCU,50000
cotton,Producer Ppaddy (LCU/tonne),2012,2012,LCU,50000
cotton,Producer Ppaddy (SLC/tonne),2011,2011,SLC,50000
cotton,Producer Ppaddy (SLC/tonne),2012,2012,SLC,50000
tea,Producer Ppaddy (LCU/tonne),2019,2019,LCU,51130
tea,Producer Ppaddy (SLC/tonne),2019,2019,SLC,51130
lentil,Producer Ppaddy (LCU/tonne),2007,2007,LCU,52278
lentil,Producer Ppaddy (SLC/tonne),2007,2007,SLC,52278
cotton,Producer Ppaddy (LCU/tonne),2002,2002,LCU,52547
cotton,Producer Ppaddy (SLC/tonne),2002,2002,SLC,52547
"jute, raw or retted",Producer Ppaddy (LCU/tonne),2018,2018,LCU,53790
"jute, raw or retted",Producer Ppaddy (SLC/tonne),2018,2018,SLC,53790
cotton,Producer Ppaddy (LCU/tonne),2005,2005,LCU,55445
cotton,Producer Ppaddy (SLC/tonne),2005,2005,SLC,55445
chickpeas,Producer Ppaddy (LCU/tonne),2008,2008,LCU,55478.4
chickpeas,Producer Ppaddy (SLC/tonne),2008,2008,SLC,55478.4
"jute, raw or retted",Producer Ppaddy (LCU/tonne),2020,2020,LCU,56460
"jute, raw or retted",Producer Ppaddy (SLC/tonne),2020,2020,SLC,56460
"jute, raw or retted",Producer Ppaddy (LCU/tonne),2019,2019,LCU,59090
"jute, raw or retted",Producer Ppaddy (SLC/tonne),2019,2019,SLC,59090
cotton,Producer Ppaddy (LCU/tonne),2006,2006,LCU,60000
cotton,Producer Ppaddy (SLC/tonne),2006,2006,SLC,60000
tea,Producer Ppaddy (LCU/tonne),2020,2020,LCU,60130
tea,Producer Ppaddy (SLC/tonne),2020,2020,SLC,60130
cotton,Producer Ppaddy (LCU/tonne),2013,2013,LCU,62000
cotton,Producer Ppaddy (SLC/tonne),2013,2013,SLC,62000
lentil,Producer Ppaddy (LCU/tonne),2008,2008,LCU,68002.4
lentil,Producer Ppaddy (SLC/tonne),2008,2008,SLC,68002.4
cotton,Producer Ppaddy (LCU/tonne),2007,2007,LCU,68400
cotton,Producer Ppaddy (SLC/tonne),2007,2007,SLC,68400
cotton,Producer Ppaddy (LCU/tonne),2008,2008,LCU,70924.5
cotton,Producer Ppaddy (SLC/tonne),2008,2008,SLC,70924.5
cotton,Producer Ppaddy (LCU/tonne),2014,2014,LCU,71300
cotton,Producer Ppaddy (SLC/tonne),2014,2014,SLC,71300
chickpeas,Producer Ppaddy (LCU/tonne),2011,2011,LCU,73250
chickpeas,Producer Ppaddy (SLC/tonne),2011,2011,SLC,73250
lentil,Producer Ppaddy (LCU/tonne),2011,2011,LCU,73250
lentil,Producer Ppaddy (SLC/tonne),2011,2011,SLC,73250
tea,Producer Ppaddy (LCU/tonne),2022,2022,LCU,73330
tea,Producer Ppaddy (SLC/tonne),2022,2022,SLC,73330
chickpeas,Producer Ppaddy (LCU/tonne),2013,2013,LCU,77000
chickpeas,Producer Ppaddy (SLC/tonne),2013,2013,SLC,77000
lentil,Producer Ppaddy (LCU/tonne),2013,2013,LCU,77000
lentil,Producer Ppaddy (SLC/tonne),2013,2013,SLC,77000
chickpeas,Producer Ppaddy (LCU/tonne),2012,2012,LCU,77000.4
chickpeas,Producer Ppaddy (SLC/tonne),2012,2012,SLC,77000.4
lentil,Producer Ppaddy (LCU/tonne),2012,2012,LCU,77000.4
lentil,Producer Ppaddy (SLC/tonne),2012,2012,SLC,77000.4
chickpeas,Producer Ppaddy (LCU/tonne),2014,2014,LCU,77924
chickpeas,Producer Ppaddy (SLC/tonne),2014,2014,SLC,77924
lentil,Producer Ppaddy (LCU/tonne),2014,2014,LCU,77924
lentil,Producer Ppaddy (SLC/tonne),2014,2014,SLC,77924
chickpeas,Producer Ppaddy (LCU/tonne),2015,2015,LCU,78859
chickpeas,Producer Ppaddy (SLC/tonne),2015,2015,SLC,78859
lentil,Producer Ppaddy (LCU/tonne),2015,2015,LCU,78859
lentil,Producer Ppaddy (SLC/tonne),2015,2015,SLC,78859
lentil,Producer Ppaddy (LCU/tonne),2019,2019,LCU,80710
lentil,Producer Ppaddy (SLC/tonne),2019,2019,SLC,80710
lentil,Producer Ppaddy (LCU/tonne),2020,2020,LCU,81240
lentil,Producer Ppaddy (SLC/tonne),2020,2020,SLC,81240
cotton,Producer Ppaddy (LCU/tonne),2015,2015,LCU,81995
cotton,Producer Ppaddy (SLC/tonne),2015,2015,SLC,81995
lentil,Producer Ppaddy (LCU/tonne),2018,2018,LCU,82590
lentil,Producer Ppaddy (SLC/tonne),2018,2018,SLC,82590
chickpeas,Producer Ppaddy (LCU/tonne),2009,2009,LCU,83088.9
chickpeas,Producer Ppaddy (LCU/tonne),2010,2010,LCU,83088.9
chickpeas,Producer Ppaddy (SLC/tonne),2009,2009,SLC,83088.9
chickpeas,Producer Ppaddy (SLC/tonne),2010,2010,SLC,83088.9
cotton,Producer Ppaddy (LCU/tonne),2009,2009,LCU,83404
cotton,Producer Ppaddy (SLC/tonne),2009,2009,SLC,83404
lentil,Producer Ppaddy (LCU/tonne),2021,2021,LCU,84240
lentil,Producer Ppaddy (SLC/tonne),2021,2021,SLC,84240
coffee,Producer Ppaddy (LCU/tonne),2001,2001,LCU,85000
coffee,Producer Ppaddy (SLC/tonne),2001,2001,SLC,85000
cotton,Producer Ppaddy (LCU/tonne),2016,2016,LCU,85181.5
cotton,Producer Ppaddy (SLC/tonne),2016,2016,SLC,85181.5
tea,Producer Ppaddy (LCU/tonne),2021,2021,LCU,87630
tea,Producer Ppaddy (SLC/tonne),2021,2021,SLC,87630
cotton,Producer Ppaddy (LCU/tonne),2017,2017,LCU,88099
cotton,Producer Ppaddy (SLC/tonne),2017,2017,SLC,88099
coffee,Producer Ppaddy (LCU/tonne),2002,2002,LCU,90000
coffee,Producer Ppaddy (LCU/tonne),2003,2003,LCU,90000
coffee,Producer Ppaddy (SLC/tonne),2002,2002,SLC,90000
coffee,Producer Ppaddy (SLC/tonne),2003,2003,SLC,90000
lentil,Producer Ppaddy (LCU/tonne),2022,2022,LCU,91090
lentil,Producer Ppaddy (SLC/tonne),2022,2022,SLC,91090
chickpeas,Producer Ppaddy (LCU/tonne),2016,2016,LCU,93154.9
chickpeas,Producer Ppaddy (SLC/tonne),2016,2016,SLC,93154.9
lentil,Producer Ppaddy (LCU/tonne),2016,2016,LCU,93154.9
lentil,Producer Ppaddy (SLC/tonne),2016,2016,SLC,93154.9
"jute, raw or retted",Producer Ppaddy (LCU/tonne),2022,2022,LCU,93470
"jute, raw or retted",Producer Ppaddy (SLC/tonne),2022,2022,SLC,93470
"jute, raw or retted",Producer Ppaddy (LCU/tonne),2021,2021,LCU,94380
"jute, raw or retted",Producer Ppaddy (SLC/tonne),2021,2021,SLC,94380
coffee,Producer Ppaddy (LCU/tonne),2004,2004,LCU,95000
coffee,Producer Ppaddy (SLC/tonne),2004,2004,SLC,95000
chickpeas,Producer Ppaddy (LCU/tonne),2017,2017,LCU,96345.5
chickpeas,Producer Ppaddy (SLC/tonne),2017,2017,SLC,96345.5
lentil,Producer Ppaddy (LCU/tonne),2017,2017,LCU,96345.5
lentil,Producer Ppaddy (SLC/tonne),2017,2017,SLC,96345.5
coffee,Producer Ppaddy (LCU/tonne),2005,2005,LCU,97680
coffee,Producer Ppaddy (SLC/tonne),2005,2005,SLC,97680
coffee,Producer Ppaddy (LCU/tonne),2006,2006,LCU,100430
coffee,Producer Ppaddy (SLC/tonne),2006,2006,SLC,100430
lentil,Producer Ppaddy (LCU/tonne),2009,2009,LCU,101845.8
lentil,Producer Ppaddy (LCU/tonne),2010,2010,LCU,101845.8
lentil,Producer Ppaddy (SLC/tonne),2009,2009,SLC,101845.8
lentil,Producer Ppaddy (SLC/tonne),2010,2010,SLC,101845.8
coffee,Producer Ppaddy (LCU/tonne),2007,2007,LCU,106456
coffee,Producer Ppaddy (SLC/tonne),2007,2007,SLC,106456
coffee,Producer Ppaddy (LCU/tonne),2009,2009,LCU,108000
coffee,Producer Ppaddy (LCU/tonne),2010,2010,LCU,108000
coffee,Producer Ppaddy (LCU/tonne),2011,2011,LCU,108000
coffee,Producer Ppaddy (SLC/tonne),2009,2009,SLC,108000
coffee,Producer Ppaddy (SLC/tonne),2010,2010,SLC,108000
coffee,Producer Ppaddy (SLC/tonne),2011,2011,SLC,108000
coffee,Producer Ppaddy (LCU/tonne),2008,2008,LCU,108159.1
coffee,Producer Ppaddy (SLC/tonne),2008,2008,SLC,108159.1
coffee,Producer Ppaddy (LCU/tonne),2012,2012,LCU,112361.3
coffee,Producer Ppaddy (SLC/tonne),2012,2012,SLC,112361.3
coffee,Producer Ppaddy (LCU/tonne),2013,2013,LCU,113936.1
coffee,Producer Ppaddy (SLC/tonne),2013,2013,SLC,113936.1
coffee,Producer Ppaddy (LCU/tonne),2014,2014,LCU,131824.1
coffee,Producer Ppaddy (SLC/tonne),2014,2014,SLC,131824.1
coffee,Producer Ppaddy (LCU/tonne),2015,2015,LCU,152520.5
coffee,Producer Ppaddy (SLC/tonne),2015,2015,SLC,152520.5
coffee,Producer Ppaddy (LCU/tonne),2016,2016,LCU,158447.8
coffee,Producer Ppaddy (SLC/tonne),2016,2016,SLC,158447.8
coffee,Producer Ppaddy (LCU/tonne),2017,2017,LCU,163835
coffee,Producer Ppaddy (SLC/tonne),2017,2017,SLC,163835
pigeon-peas,Producer Price (LCU/tonne),1992,1992,LCU,10160
pigeon-peas,Producer Price (LCU/tonne),1996,1996,LCU,40630
pigeon-peas,Producer Price (LCU/tonne),1997,1997,LCU,15000
pigeon-peas,Producer Price (LCU/tonne),1998,1998,LCU,20000
pigeon-peas,Producer Price (LCU/tonne),1999,1999,LCU,20000
pigeon-peas,Producer Price (LCU/tonne),2000,2000,LCU,21000
pigeon-peas,Producer Price (LCU/tonne),2001,2001,LCU,22000
pigeon-peas,Producer Price (LCU/tonne),2002,2002,LCU,37000
pigeon-peas,Producer Price (LCU/tonne),2003,2003,LCU,30300
pigeon-peas,Producer Price (LCU/tonne),2004,2004,LCU,52462
pigeon-peas,Producer Price (LCU/tonne),2005,2005,LCU,55178
pigeon-peas,Producer Price (LCU/tonne),2006,2006,LCU,56864
pigeon-peas,Producer Price (LCU/tonne),2007,2007,LCU,63206
pigeon-peas,Producer Price (LCU/tonne),2008,2008,LCU,81602.9
pigeon-peas,Producer Price (LCU/tonne),2009,2009,LCU,122215
pigeon-peas,Producer Price (LCU/tonne),2010,2010,LCU,122210
pigeon-peas,Producer Price (LCU/tonne),2011,2011,LCU,80000
pigeon-peas,Producer Price (LCU/tonne),2012,2012,LCU,88000.5
pigeon-peas,Producer Price (LCU/tonne),2013,2013,LCU,76000
pigeon-peas,Producer Price (LCU/tonne),2014,2014,LCU,76912
pigeon-peas,Producer Price (LCU/tonne),2015,2015,LCU,77835
pigeon-peas,Producer Price (LCU/tonne),2016,2016,LCU,91945.1
pigeon-peas,Producer Price (LCU/tonne),2017,2017,LCU,95094.3
pigeon-peas,Producer Price (SLC/tonne),1992,1992,SLC,10160
pigeon-peas,Producer Price (SLC/tonne),1996,1996,SLC,40630
pigeon-peas,Producer Price (SLC/tonne),1997,1997,SLC,15000
pigeon-peas,Producer Price (SLC/tonne),1998,1998,SLC,20000
pigeon-peas,Producer Price (SLC/tonne),1999,1999,SLC,20000
pigeon-peas,Producer Price (SLC/tonne),2000,2000,SLC,21000
pigeon-peas,Producer Price (SLC/tonne),2001,2001,SLC,22000
pigeon-peas,Producer Price (SLC/tonne),2002,2002,SLC,37000
pigeon-peas,Producer Price (SLC/tonne),2003,2003,SLC,30300
pigeon-peas,Producer Price (SLC/tonne),2004,2004,SLC,52462
pigeon-peas,Producer Price (SLC/tonne),2005,2005,SLC,55178
pigeon-peas,Producer Price (SLC/tonne),2006,2006,SLC,56864
pigeon-peas,Producer Price (SLC/tonne),2007,2007,SLC,63206
pigeon-peas,Producer Price (SLC/tonne),2008,2008,SLC,81602.9
pigeon-peas,Producer Price (SLC/tonne),2009,2009,SLC,122215
pigeon-peas,Producer Price (SLC/tonne),2010,2010,SLC,122210
pigeon-peas,Producer Price (SLC/tonne),2011,2011,SLC,80000
pigeon-peas,Producer Price (SLC/tonne),2012,2012,SLC,88000.5
pigeon-peas,Producer Price (SLC/tonne),2013,2013,SLC,76000
pigeon-peas,Producer Price (SLC/tonne),2014,2014,SLC,76912
pigeon-peas,Producer Price (SLC/tonne),2015,2015,SLC,77835
pigeon-peas,Producer Price (SLC/tonne),2016,2016,SLC,91945.1
pigeon-peas,Producer Price (SLC/tonne),2017,2017,SLC,95094.3
pigeon-peas,Producer Price (USD/tonne),1992,1992,USD,237.8
pigeon-peas,Producer Price (USD/tonne),1996,1996,USD,716.7
pigeon-peas,Producer Price (USD/tonne),1997,1997,USD,258.6
pigeon-peas,Producer Price (USD/tonne),1998,1998,USD,303.1
pigeon-peas,Producer Price (USD/tonne),1999,1999,USD,293.1
pigeon-peas,Producer Price (USD/tonne),2000,2000,USD,295.4
pigeon-peas,Producer Price (USD/tonne),2001,2001,USD,293.5
pigeon-peas,Producer Price (USD/tonne),2002,2002,USD,475.1
pigeon-peas,Producer Price (USD/tonne),2003,2003,USD,397.9
pigeon-peas,Producer Price (USD/tonne),2004,2004,USD,712.1
pigeon-peas,Producer Price (USD/tonne),2005,2005,USD,773.2
pigeon-peas,Producer Price (USD/tonne),2006,2006,USD,781.6
pigeon-peas,Producer Price (USD/tonne),2007,2007,USD,951.7
pigeon-peas,Producer Price (USD/tonne),2008,2008,USD,1169.7
pigeon-peas,Producer Price (USD/tonne),2009,2009,USD,1575.5
pigeon-peas,Producer Price (USD/tonne),2010,2010,USD,1668.1
pigeon-peas,Producer Price (USD/tonne),2011,2011,USD,1080.8
pigeon-peas,Producer Price (USD/tonne),2012,2012,USD,1032.6
pigeon-peas,Producer Price (USD/tonne),2013,2013,USD,816.5
pigeon-peas,Producer Price (USD/tonne),2014,2014,USD,788.4
pigeon-peas,Producer Price (USD/tonne),2015,2015,USD,760.1
pigeon-peas,Producer Price (USD/tonne),2016,2016,USD,856.2
pigeon-peas,Producer Price (USD/tonne),2017,2017,USD,909.9
pigeon-peas,Producer Price Index (2014-2016 = 100),1991,1991,,14.77
pigeon-peas,Producer Price Index (2014-2016 = 100),1992,1992,,12.36
pigeon-peas,Producer Price Index (2014-2016 = 100),1993,1993,,21.62
pigeon-peas,Producer Price Index (2014-2016 = 100),1994,1994,,30.88
pigeon-peas,Producer Price Index (2014-2016 = 100),1995,1995,,40.15
pigeon-peas,Producer Price Index (2014-2016 = 100),1996,1996,,49.41
pigeon-peas,Producer Price Index (2014-2016 = 100),1997,1997,,18.24
pigeon-peas,Producer Price Index (2014-2016 = 100),1998,1998,,24.32
pigeon-peas,Producer Price Index (2014-2016 = 100),1999,1999,,24.32
pigeon-peas,Producer Price Index (2014-2016 = 100),2000,2000,,25.54
pigeon-peas,Producer Price Index (2014-2016 = 100),2001,2001,,26.75
pigeon-peas,Producer Price Index (2014-2016 = 100),2002,2002,,45
pigeon-peas,Producer Price Index (2014-2016 = 100),2003,2003,,36.85
pigeon-peas,Producer Price Index (2014-2016 = 100),2004,2004,,63.8
pigeon-peas,Producer Price Index (2014-2016 = 100),2005,2005,,67.1
pigeon-peas,Producer Price Index (2014-2016 = 100),2006,2006,,69.15
pigeon-peas,Producer Price Index (2014-2016 = 100),2007,2007,,76.86
pigeon-peas,Producer Price Index (2014-2016 = 100),2008,2008,,99.24
pigeon-peas,Producer Price Index (2014-2016 = 100),2009,2009,,148.62
pigeon-peas,Producer Price Index (2014-2016 = 100),2010,2010,,148.62
pigeon-peas,Producer Price Index (2014-2016 = 100),2011,2011,,97.29
pigeon-peas,Producer Price Index (2014-2016 = 100),2012,2012,,107.02
pigeon-peas,Producer Price Index (2014-2016 = 100),2013,2013,,92.42
pigeon-peas,Producer Price Index (2014-2016 = 100),2014,2014,,93.53
pigeon-peas,Producer Price Index (2014-2016 = 100),2015,2015,,94.65
pigeon-peas,Producer Price Index (2014-2016 = 100),2016,2016,,111.81
pigeon-peas,Producer Price Index (2014-2016 = 100),2017,2017,,115.64
pigeon-peas,Producer Price Index (2014-2016 = 100),2018,2018,,123.92
pigeon-peas,Producer Price Index (2014-2016 = 100),2019,2019,,123.9
pigeon-peas,Producer Price Index (2014-2016 = 100),2020,2020,,123.8
pigeon-peas,Producer Price Index (2014-2016 = 100),2021,2021,,123.83
pigeon-peas,Producer Price Index (2014-2016 = 100),2022,2022,,123.71