Item,Element,Year Code,Year,Unit,Value
Barley,Producer Price (LCU/tonne),2008,2008,LCU,15381.1
Barley,Producer Price (LCU/tonne),2009,2009,LCU,17016.1
Barley,Producer Price (LCU/tonne),2010,2010,LCU,21502
Barley,Producer Price (LCU/tonne),2011,2011,LCU,22250
Barley,Producer Price (LCU/tonne),2012,2012,LCU,22974.6
Barley,Producer Price (LCU/tonne),2013,2013,LCU,23880
Barley,Producer Price (LCU/tonne),2014,2014,LCU,25790
Barley,Producer Price (LCU/tonne),2015,2015,LCU,27854
Barley,Producer Price (LCU/tonne),2016,2016,LCU,28700.4
Barley,Producer Price (LCU/tonne),2017,2017,LCU,29039
Barley,Producer Price (LCU/tonne),2018,2018,LCU,33060
Barley,Producer Price (LCU/tonne),2019,2019,LCU,32230
Barley,Producer Price (LCU/tonne),2020,2020,LCU,35600
Barley,Producer Price (LCU/tonne),2021,2021,LCU,26000
Barley,Producer Price (LCU/tonne),2022,2022,LCU,41336
Barley,Producer Price (SLC/tonne),2008,2008,SLC,15381.1
Barley,Producer Price (SLC/tonne),2009,2009,SLC,17016.1
Barley,Producer Price (SLC/tonne),2010,2010,SLC,21502
Barley,Producer Price (SLC/tonne),2011,2011,SLC,22250
Barley,Producer Price (SLC/tonne),2012,2012,SLC,22974.6
Barley,Producer Price (SLC/tonne),2013,2013,SLC,23880
Barley,Producer Price (SLC/tonne),2014,2014,SLC,25790
Barley,Producer Price (SLC/tonne),2015,2015,SLC,27854
Barley,Producer Price (SLC/tonne),2016,2016,SLC,28700.4
Barley,Producer Price (SLC/tonne),2017,2017,SLC,29039
Barley,Producer Price (SLC/tonne),2018,2018,SLC,33060
Barley,Producer Price (SLC/tonne),2019,2019,SLC,32230
Barley,Producer Price (SLC/tonne),2020,2020,SLC,35600
Barley,Producer Price (SLC/tonne),2021,2021,SLC,26000
Barley,Producer Price (SLC/tonne),2022,2022,SLC,41336
Barley,Producer Price (USD/tonne),2008,2008,USD,220.5
Barley,Producer Price (USD/tonne),2009,2009,USD,219.4
Barley,Producer Price (USD/tonne),2010,2010,USD,293.5
Barley,Producer Price (USD/tonne),2011,2011,USD,300.6
Barley,Producer Price (USD/tonne),2012,2012,USD,269.6
Barley,Producer Price (USD/tonne),2013,2013,USD,256.5
Barley,Producer Price (USD/tonne),2014,2014,USD,264.4
Barley,Producer Price (USD/tonne),2015,2015,USD,272
Barley,Producer Price (USD/tonne),2016,2016,USD,267.3
Barley,Producer Price (USD/tonne),2017,2017,USD,277.9
Barley,Producer Price (USD/tonne),2018,2018,USD,303.5
Barley,Producer Price (USD/tonne),2019,2019,USD,286.2
Barley,Producer Price (USD/tonne),2020,2020,USD,300.8
Barley,Producer Price (USD/tonne),2021,2021,USD,220.1
Barley,Producer Price (USD/tonne),2022,2022,USD,330.2
Barley,Producer Price Index (2014-2016 = 100),1991,1991,,16.74
Barley,Producer Price Index (2014-2016 = 100),1992,1992,,17.78
Barley,Producer Price Index (2014-2016 = 100),1993,1993,,20.86
Barley,Producer Price Index (2014-2016 = 100),1994,1994,,21.06
Barley,Producer Price Index (2014-2016 = 100),1995,1995,,21.42
Barley,Producer Price Index (2014-2016 = 100),1996,1996,,25.28
Barley,Producer Price Index (2014-2016 = 100),1997,1997,,28.78
Barley,Producer Price Index (2014-2016 = 100),1998,1998,,28.64
Barley,Producer Price Index (2014-2016 = 100),1999,1999,,31.65
Barley,Producer Price Index (2014-2016 = 100),2000,2000,,34.67
Barley,Producer Price Index (2014-2016 = 100),2001,2001,,35.67
Barley,Producer Price Index (2014-2016 = 100),2002,2002,,35.76
Barley,Producer Price Index (2014-2016 = 100),2003,2003,,36
Barley,Producer Price Index (2014-2016 = 100),2004,2004,,39.17
Barley,Producer Price Index (2014-2016 = 100),2005,2005,,42.95
Barley,Producer Price Index (2014-2016 = 100),2006,2006,,43.54
Barley,Producer Price Index (2014-2016 = 100),2007,2007,,49.64
Barley,Producer Price Index (2014-2016 = 100),2008,2008,,56.04
Barley,Producer Price Index (2014-2016 = 100),2009,2009,,61.99
Barley,Producer Price Index (2014-2016 = 100),2010,2010,,78.34
Barley,Producer Price Index (2014-2016 = 100),2011,2011,,81.06
Barley,Producer Price Index (2014-2016 = 100),2012,2012,,83.7
Barley,Producer Price Index (2014-2016 = 100),2013,2013,,87
Barley,Producer Price Index (2014-2016 = 100),2014,2014,,93.96
Barley,Producer Price Index (2014-2016 = 100),2015,2015,,101.48
Barley,Producer Price Index (2014-2016 = 100),2016,2016,,104.56
Barley,Producer Price Index (2014-2016 = 100),2017,2017,,105.8
Barley,Producer Price Index (2014-2016 = 100),2018,2018,,120.45
Barley,Producer Price Index (2014-2016 = 100),2019,2019,,117.42
Barley,Producer Price Index (2014-2016 = 100),2020,2020,,129.7
Barley,Producer Price Index (2014-2016 = 100),2021,2021,,94.72
Barley,Producer Price Index (2014-2016 = 100),2022,2022,,150.6
"Chick peas, dry",Producer Price (LCU/tonne),2001,2001,LCU,34034
"Chick peas, dry",Producer Price (LCU/tonne),2002,2002,LCU,34476
"Chick peas, dry",Producer Price (LCU/tonne),2003,2003,LCU,34791
"Chick peas, dry",Producer Price (LCU/tonne),2004,2004,LCU,36584
"Chick peas, dry",Producer Price (LCU/tonne),2005,2005,LCU,38029
"Chick peas, dry",Producer Price (LCU/tonne),2006,2006,LCU,40792
"Chick peas, dry",Producer Price (LCU/tonne),2007,2007,LCU,48950
"Chick peas, dry",Producer Price (LCU/tonne),2008,2008,LCU,55478.4
"Chick peas, dry",Producer Price (LCU/tonne),2009,2009,LCU,83088.9
"Chick peas, dry",Producer Price (LCU/tonne),2010,2010,LCU,83088.9
"Chick peas, dry",Producer Price (LCU/tonne),2011,2011,LCU,73250
"Chick peas, dry",Producer Price (LCU/tonne),2012,2012,LCU,77000.4
"Chick peas, dry",Producer Price (LCU/tonne),2013,2013,LCU,77000
"Chick peas, dry",Producer Price (LCU/tonne),2014,2014,LCU,77924
"Chick peas, dry",Producer Price (LCU/tonne),2015,2015,LCU,78859
"Chick peas, dry",Producer Price (LCU/tonne),2016,2016,LCU,93154.9
"Chick peas, dry",Producer Price (LCU/tonne),2017,2017,LCU,96345.5
"Chick peas, dry",Producer Price (SLC/tonne),2001,2001,SLC,34034
"Chick peas, dry",Producer Price (SLC/tonne),2002,2002,SLC,34476
"Chick peas, dry",Producer Price (SLC/tonne),2003,2003,SLC,34791
"Chick peas, dry",Producer Price (SLC/tonne),2004,2004,SLC,36584
"Chick peas, dry",Producer Price (SLC/tonne),2005,2005,SLC,38029
"Chick peas, dry",Producer Price (SLC/tonne),2006,2006,SLC,40792
"Chick peas, dry",Producer Price (SLC/tonne),2007,2007,SLC,48950
"Chick peas, dry",Producer Price (SLC/tonne),2008,2008,SLC,55478.4
"Chick peas, dry",Producer Price (SLC/tonne),2009,2009,SLC,83088.9
"Chick peas, dry",Producer Price (SLC/tonne),2010,2010,SLC,83088.9
"Chick peas, dry",Producer Price (SLC/tonne),2011,2011,SLC,73250
"Chick peas, dry",Producer Price (SLC/tonne),2012,2012,SLC,77000.4
"Chick peas, dry",Producer Price (SLC/tonne),2013,2013,SLC,77000
"Chick peas, dry",Producer Price (SLC/tonne),2014,2014,SLC,77924
"Chick peas, dry",Producer Price (SLC/tonne),2015,2015,SLC,78859
"Chick peas, dry",Producer Price (SLC/tonne),2016,2016,SLC,93154.9
"Chick peas, dry",Producer Price (SLC/tonne),2017,2017,SLC,96345.5
"Chick peas, dry",Producer Price (USD/tonne),2001,2001,USD,454.1
"Chick peas, dry",Producer Price (USD/tonne),2002,2002,USD,442.7
"Chick peas, dry",Producer Price (USD/tonne),2003,2003,USD,456.9
"Chick peas, dry",Producer Price (USD/tonne),2004,2004,USD,496.6
"Chick peas, dry",Producer Price (USD/tonne),2005,2005,USD,532.9
"Chick peas, dry",Producer Price (USD/tonne),2006,2006,USD,560.7
"Chick peas, dry",Producer Price (USD/tonne),2007,2007,USD,737
"Chick peas, dry",Producer Price (USD/tonne),2008,2008,USD,795.3
"Chick peas, dry",Producer Price (USD/tonne),2009,2009,USD,1071.1
"Chick peas, dry",Producer Price (USD/tonne),2010,2010,USD,1134.1
"Chick peas, dry",Producer Price (USD/tonne),2011,2011,USD,989.6
"Chick peas, dry",Producer Price (USD/tonne),2012,2012,USD,903.5
"Chick peas, dry",Producer Price (USD/tonne),2013,2013,USD,827.2
"Chick peas, dry",Producer Price (USD/tonne),2014,2014,USD,798.8
"Chick peas, dry",Producer Price (USD/tonne),2015,2015,USD,770.1
"Chick peas, dry",Producer Price (USD/tonne),2016,2016,USD,867.5
"Chick peas, dry",Producer Price (USD/tonne),2017,2017,USD,921.9
"Chick peas, dry",Producer Price Index (2014-2016 = 100),1991,1991,,44.08
"Chick peas, dry",Producer Price Index (2014-2016 = 100),1992,1992,,36.87
"Chick peas, dry",Producer Price Index (2014-2016 = 100),1993,1993,,37.33
"Chick peas, dry",Producer Price Index (2014-2016 = 100),1994,1994,,39.07
"Chick peas, dry",Producer Price Index (2014-2016 = 100),1995,1995,,40.96
"Chick peas, dry",Producer Price Index (2014-2016 = 100),1996,1996,,40.18
"Chick peas, dry",Producer Price Index (2014-2016 = 100),1997,1997,,41.82
"Chick peas, dry",Producer Price Index (2014-2016 = 100),1998,1998,,39.4
"Chick peas, dry",Producer Price Index (2014-2016 = 100),1999,1999,,41.15
"Chick peas, dry",Producer Price Index (2014-2016 = 100),2000,2000,,42.28
"Chick peas, dry",Producer Price Index (2014-2016 = 100),2001,2001,,40.85
"Chick peas, dry",Producer Price Index (2014-2016 = 100),2002,2002,,41.38
"Chick peas, dry",Producer Price Index (2014-2016 = 100),2003,2003,,41.76
"Chick peas, dry",Producer Price Index (2014-2016 = 100),2004,2004,,43.91
"Chick peas, dry",Producer Price Index (2014-2016 = 100),2005,2005,,45.65
"Chick peas, dry",Producer Price Index (2014-2016 = 100),2006,2006,,48.96
"Chick peas, dry",Producer Price Index (2014-2016 = 100),2007,2007,,58.75
"Chick peas, dry",Producer Price Index (2014-2016 = 100),2008,2008,,66.59
"Chick peas, dry",Producer Price Index (2014-2016 = 100),2009,2009,,99.73
"Chick peas, dry",Producer Price Index (2014-2016 = 100),2010,2010,,99.73
"Chick peas, dry",Producer Price Index (2014-2016 = 100),2011,2011,,87.92
"Chick peas, dry",Producer Price Index (2014-2016 = 100),2012,2012,,92.42
"Chick peas, dry",Producer Price Index (2014-2016 = 100),2013,2013,,92.42
"Chick peas, dry",Producer Price Index (2014-2016 = 100),2014,2014,,93.53
"Chick peas, dry",Producer Price Index (2014-2016 = 100),2015,2015,,94.65
"Chick peas, dry",Producer Price Index (2014-2016 = 100),2016,2016,,111.81
"Chick peas, dry",Producer Price Index (2014-2016 = 100),2017,2017,,115.64
"Chick peas, dry",Producer Price Index (2014-2016 = 100),2018,2018,,123.92
"Chick peas, dry",Producer Price Index (2014-2016 = 100),2019,2019,,134.33
"Chick peas, dry",Producer Price Index (2014-2016 = 100),2020,2020,,123.16
"Chick peas, dry",Producer Price Index (2014-2016 = 100),2021,2021,,128.36
"Chick peas, dry",Producer Price Index (2014-2016 = 100),2022,2022,,132.82
"Coffee, green",Producer Price (LCU/tonne),2001,2001,LCU,85000
"Coffee, green",Producer Price (LCU/tonne),2002,2002,LCU,90000
"Coffee, green",Producer Price (LCU/tonne),2003,2003,LCU,90000
"Coffee, green",Producer Price (LCU/tonne),2004,2004,LCU,95000
"Coffee, green",Producer Price (LCU/tonne),2005,2005,LCU,97680
"Coffee, green",Producer Price (LCU/tonne),2006,2006,LCU,100430
"Coffee, green",Producer Price (LCU/tonne),2007,2007,LCU,106456
"Coffee, green",Producer Price (LCU/tonne),2008,2008,LCU,108159.1
"Coffee, green",Producer Price (LCU/tonne),2009,2009,LCU,108000
"Coffee, green",Producer Price (LCU/tonne),2010,2010,LCU,108000
"Coffee, green",Producer Price (LCU/tonne),2011,2011,LCU,108000
"Coffee, green",Producer Price (LCU/tonne),2012,2012,LCU,112361.3
"Coffee, green",Producer Price (LCU/tonne),2013,2013,LCU,113936.1
"Coffee, green",Producer Price (LCU/tonne),2014,2014,LCU,131824.1
"Coffee, green",Producer Price (LCU/tonne),2015,2015,LCU,152520.5
"Coffee, green",Producer Price (LCU/tonne),2016,2016,LCU,158447.8
"Coffee, green",Producer Price (LCU/tonne),2017,2017,LCU,163835
"Coffee, green",Producer Price (SLC/tonne),2001,2001,SLC,85000
"Coffee, green",Producer Price (SLC/tonne),2002,2002,SLC,90000
"Coffee, green",Producer Price (SLC/tonne),2003,2003,SLC,90000
"Coffee, green",Producer Price (SLC/tonne),2004,2004,SLC,95000
"Coffee, green",Producer Price (SLC/tonne),2005,2005,SLC,97680
"Coffee, green",Producer Price (SLC/tonne),2006,2006,SLC,100430
"Coffee, green",Producer Price (SLC/tonne),2007,2007,SLC,106456
"Coffee, green",Producer Price (SLC/tonne),2008,2008,SLC,108159.1
"Coffee, green",Producer Price (SLC/tonne),2009,2009,SLC,108000
"Coffee, green",Producer Price (SLC/tonne),2010,2010,SLC,108000
"Coffee, green",Producer Price (SLC/tonne),2011,2011,SLC,108000
"Coffee, green",Producer Price (SLC/tonne),2012,2012,SLC,112361.3
"Coffee, green",Producer Price (SLC/tonne),2013,2013,SLC,113936.1
"Coffee, green",Producer Price (SLC/tonne),2014,2014,SLC,131824.1
"Coffee, green",Producer Price (SLC/tonne),2015,2015,SLC,152520.5
"Coffee, green",Producer Price (SLC/tonne),2016,2016,SLC,158447.8
"Coffee, green",Producer Price (SLC/tonne),2017,2017,SLC,163835
"Coffee, green",Producer Price (USD/tonne),2001,2001,USD,1134.1
"Coffee, green",Producer Price (USD/tonne),2002,2002,USD,1155.7
"Coffee, green",Producer Price (USD/tonne),2003,2003,USD,1182
"Coffee, green",Producer Price (USD/tonne),2004,2004,USD,1289.5
"Coffee, green",Producer Price (USD/tonne),2005,2005,USD,1368.7
"Coffee, green",Producer Price (USD/tonne),2006,2006,USD,1380.4
"Coffee, green",Producer Price (USD/tonne),2007,2007,USD,1602.9
"Coffee, green",Producer Price (USD/tonne),2008,2008,USD,1550.4
"Coffee, green",Producer Price (USD/tonne),2009,2009,USD,1392.2
"Coffee, green",Producer Price (USD/tonne),2010,2010,USD,1474.2
"Coffee, green",Producer Price (USD/tonne),2011,2011,USD,1459.1
"Coffee, green",Producer Price (USD/tonne),2012,2012,USD,1318.4
"Coffee, green",Producer Price (USD/tonne),2013,2013,USD,1224
"Coffee, green",Producer Price (USD/tonne),2014,2014,USD,1351.3
"Coffee, green",Producer Price (USD/tonne),2015,2015,USD,1489.4
"Coffee, green",Producer Price (USD/tonne),2016,2016,USD,1475.5
"Coffee, green",Producer Price (USD/tonne),2017,2017,USD,1567.6
"Coffee, green",Producer Price Index (2014-2016 = 100),1991,1991,,62.15
"Coffee, green",Producer Price Index (2014-2016 = 100),1992,1992,,51.97
"Coffee, green",Producer Price Index (2014-2016 = 100),1993,1993,,52.62
"Coffee, green",Producer Price Index (2014-2016 = 100),1994,1994,,55.08
"Coffee, green",Producer Price Index (2014-2016 = 100),1995,1995,,57.74
"Coffee, green",Producer Price Index (2014-2016 = 100),1996,1996,,56.65
"Coffee, green",Producer Price Index (2014-2016 = 100),1997,1997,,58.95
"Coffee, green",Producer Price Index (2014-2016 = 100),1998,1998,,55.55
"Coffee, green",Producer Price Index (2014-2016 = 100),1999,1999,,58.01
"Coffee, green",Producer Price Index (2014-2016 = 100),2000,2000,,59.61
"Coffee, green",Producer Price Index (2014-2016 = 100),2001,2001,,57.59
"Coffee, green",Producer Price Index (2014-2016 = 100),2002,2002,,60.98
"Coffee, green",Producer Price Index (2014-2016 = 100),2003,2003,,60.98
"Coffee, green",Producer Price Index (2014-2016 = 100),2004,2004,,64.36
"Coffee, green",Producer Price Index (2014-2016 = 100),2005,2005,,66.18
"Coffee, green",Producer Price Index (2014-2016 = 100),2006,2006,,68.04
"Coffee, green",Producer Price Index (2014-2016 = 100),2007,2007,,72.13
"Coffee, green",Producer Price Index (2014-2016 = 100),2008,2008,,73.28
"Coffee, green",Producer Price Index (2014-2016 = 100),2009,2009,,73.17
"Coffee, green",Producer Price Index (2014-2016 = 100),2010,2010,,73.17
"Coffee, green",Producer Price Index (2014-2016 = 100),2011,2011,,73.17
"Coffee, green",Producer Price Index (2014-2016 = 100),2012,2012,,76.13
"Coffee, green",Producer Price Index (2014-2016 = 100),2013,2013,,77.19
"Coffee, green",Producer Price Index (2014-2016 = 100),2014,2014,,89.31
"Coffee, green",Producer Price Index (2014-2016 = 100),2015,2015,,103.34
"Coffee, green",Producer Price Index (2014-2016 = 100),2016,2016,,107.35
"Coffee, green",Producer Price Index (2014-2016 = 100),2017,2017,,111
"Coffee, green",Producer Price Index (2014-2016 = 100),2018,2018,,118.94
"Coffee, green",Producer Price Index (2014-2016 = 100),2019,2019,,124.65
"Coffee, green",Producer Price Index (2014-2016 = 100),2020,2020,,119.72
"Coffee, green",Producer Price Index (2014-2016 = 100),2021,2021,,132.55
"Coffee, green",Producer Price Index (2014-2016 = 100),2022,2022,,125.95
"Cotton lint, ginned",Producer Price (LCU/tonne),2001,2001,LCU,41179
"Cotton lint, ginned",Producer Price (LCU/tonne),2002,2002,LCU,52547
"Cotton lint, ginned",Producer Price (LCU/tonne),2003,2003,LCU,49573
"Cotton lint, ginned",Producer Price (LCU/tonne),2004,2004,LCU,45358
"Cotton lint, ginned",Producer Price (LCU/tonne),2005,2005,LCU,55445
"Cotton lint, ginned",Producer Price (LCU/tonne),2006,2006,LCU,60000
"Cotton lint, ginned",Producer Price (LCU/tonne),2007,2007,LCU,68400
"Cotton lint, ginned",Producer Price (LCU/tonne),2008,2008,LCU,70924.5
"Cotton lint, ginned",Producer Price (LCU/tonne),2009,2009,LCU,83404
"Cotton lint, ginned",Producer Price (LCU/tonne),2010,2010,LCU,48327.3
"Cotton lint, ginned",Producer Price (LCU/tonne),2011,2011,LCU,50000
"Cotton lint, ginned",Producer Price (LCU/tonne),2012,2012,LCU,50000
"Cotton lint, ginned",Producer Price (LCU/tonne),2013,2013,LCU,62000
"Cotton lint, ginned",Producer Price (LCU/tonne),2014,2014,LCU,71300
"Cotton lint, ginned",Producer Price (LCU/tonne),2015,2015,LCU,81995
"Cotton lint, ginned",Producer Price (LCU/tonne),2016,2016,LCU,85181.5
"Cotton lint, ginned",Producer Price (LCU/tonne),2017,2017,LCU,88099
"Cotton lint, ginned",Producer Price (SLC/tonne),2001,2001,SLC,41179
"Cotton lint, ginned",Producer Price (SLC/tonne),2002,2002,SLC,52547
"Cotton lint, ginned",Producer Price (SLC/tonne),2003,2003,SLC,49573
"Cotton lint, ginned",Producer Price (SLC/tonne),2004,2004,SLC,45358
"Cotton lint, ginned",Producer Price (SLC/tonne),2005,2005,SLC,55445
"Cotton lint, ginned",Producer Price (SLC/tonne),2006,2006,SLC,60000
"Cotton lint, ginned",Producer Price (SLC/tonne),2007,2007,SLC,68400
"Cotton lint, ginned",Producer Price (SLC/tonne),2008,2008,SLC,70924.5
"Cotton lint, ginned",Producer Price (SLC/tonne),2009,2009,SLC,83404
"Cotton lint, ginned",Producer Price (SLC/tonne),2010,2010,SLC,48327.3
"Cotton lint, ginned",Producer Price (SLC/tonne),2011,2011,SLC,50000
"Cotton lint, ginned",Producer Price (SLC/tonne),2012,2012,SLC,50000
"Cotton lint, ginned",Producer Price (SLC/tonne),2013,2013,SLC,62000
"Cotton lint, ginned",Producer Price (SLC/tonne),2014,2014,SLC,71300
"Cotton lint, ginned",Producer Price (SLC/tonne),2015,2015,SLC,81995
"Cotton lint, ginned",Producer Price (SLC/tonne),2016,2016,SLC,85181.5
"Cotton lint, ginned",Producer Price (SLC/tonne),2017,2017,SLC,88099
"Cotton lint, ginned",Producer Price (USD/tonne),2001,2001,USD,549.4
"Cotton lint, ginned",Producer Price (USD/tonne),2002,2002,USD,674.7
"Cotton lint, ginned",Producer Price (USD/tonne),2003,2003,USD,651.1
"Cotton lint, ginned",Producer Price (USD/tonne),2004,2004,USD,615.7
"Cotton lint, ginned",Producer Price (USD/tonne),2005,2005,USD,776.9
"Cotton lint, ginned",Producer Price (USD/tonne),2006,2006,USD,824.7
"Cotton lint, ginned",Producer Price (USD/tonne),2007,2007,USD,1029.9
"Cotton lint, ginned",Producer Price (USD/tonne),2008,2008,USD,1016.7
"Cotton lint, ginned",Producer Price (USD/tonne),2009,2009,USD,1075.2
"Cotton lint, ginned",Producer Price (USD/tonne),2010,2010,USD,659.6
"Cotton lint, ginned",Producer Price (USD/tonne),2011,2011,USD,675.5
"Cotton lint, ginned",Producer Price (USD/tonne),2012,2012,USD,586.7
"Cotton lint, ginned",Producer Price (USD/tonne),2013,2013,USD,666.1
"Cotton lint, ginned",Producer Price (USD/tonne),2014,2014,USD,730.9
"Cotton lint, ginned",Producer Price (USD/tonne),2015,2015,USD,800.7
"Cotton lint, ginned",Producer Price (USD/tonne),2016,2016,USD,793.2
"Cotton lint, ginned",Producer Price (USD/tonne),2017,2017,USD,843
"Cotton lint, ginned",Producer Price Index (2014-2016 = 100),1991,1991,,55.9
"Cotton lint, ginned",Producer Price Index (2014-2016 = 100),1992,1992,,46.75
"Cotton lint, ginned",Producer Price Index (2014-2016 = 100),1993,1993,,47.34
"Cotton lint, ginned",Producer Price Index (2014-2016 = 100),1994,1994,,49.55
"Cotton lint, ginned",Producer Price Index (2014-2016 = 100),1995,1995,,51.94
"Cotton lint, ginned",Producer Price Index (2014-2016 = 100),1996,1996,,50.95
"Cotton lint, ginned",Producer Price Index (2014-2016 = 100),1997,1997,,53.03
"Cotton lint, ginned",Producer Price Index (2014-2016 = 100),1998,1998,,49.96
"Cotton lint, ginned",Producer Price Index (2014-2016 = 100),1999,1999,,52.18
"Cotton lint, ginned",Producer Price Index (2014-2016 = 100),2000,2000,,53.62
"Cotton lint, ginned",Producer Price Index (2014-2016 = 100),2001,2001,,51.8
"Cotton lint, ginned",Producer Price Index (2014-2016 = 100),2002,2002,,66.1
"Cotton lint, ginned",Producer Price Index (2014-2016 = 100),2003,2003,,62.36
"Cotton lint, ginned",Producer Price Index (2014-2016 = 100),2004,2004,,57.06
"Cotton lint, ginned",Producer Price Index (2014-2016 = 100),2005,2005,,69.75
"Cotton lint, ginned",Producer Price Index (2014-2016 = 100),2006,2006,,75.48
"Cotton lint, ginned",Producer Price Index (2014-2016 = 100),2007,2007,,86.05
"Cotton lint, ginned",Producer Price Index (2014-2016 = 100),2008,2008,,89.22
"Cotton lint, ginned",Producer Price Index (2014-2016 = 100),2009,2009,,104.92
"Cotton lint, ginned",Producer Price Index (2014-2016 = 100),2010,2010,,60.8
"Cotton lint, ginned",Producer Price Index (2014-2016 = 100),2011,2011,,62.9
"Cotton lint, ginned",Producer Price Index (2014-2016 = 100),2012,2012,,62.9
"Cotton lint, ginned",Producer Price Index (2014-2016 = 100),2013,2013,,78
"Cotton lint, ginned",Producer Price Index (2014-2016 = 100),2014,2014,,89.69
"Cotton lint, ginned",Producer Price Index (2014-2016 = 100),2015,2015,,103.15
"Cotton lint, ginned",Producer Price Index (2014-2016 = 100),2016,2016,,107.16
"Cotton lint, ginned",Producer Price Index (2014-2016 = 100),2017,2017,,110.83
"Cotton lint, ginned",Producer Price Index (2014-2016 = 100),2018,2018,,118.76
"Cotton lint, ginned",Producer Price Index (2014-2016 = 100),2019,2019,,147.7
"Cotton lint, ginned",Producer Price Index (2014-2016 = 100),2020,2020,,128.53
"Cotton lint, ginned",Producer Price Index (2014-2016 = 100),2021,2021,,132.8
"Cotton lint, ginned",Producer Price Index (2014-2016 = 100),2022,2022,,141.02
Cotton seed,Producer Price Index (2014-2016 = 100),1991,1991,,57.07
Cotton seed,Producer Price Index (2014-2016 = 100),1992,1992,,47.73
Cotton seed,Producer Price Index (2014-2016 = 100),1993,1993,,48.32
Cotton seed,Producer Price Index (2014-2016 = 100),1994,1994,,50.58
Cotton seed,Producer Price Index (2014-2016 = 100),1995,1995,,53.02
Cotton seed,Producer Price Index (2014-2016 = 100),1996,1996,,52.02
Cotton seed,Producer Price Index (2014-2016 = 100),1997,1997,,54.14
Cotton seed,Producer Price Index (2014-2016 = 100),1998,1998,,51.01
Cotton seed,Producer Price Index (2014-2016 = 100),1999,1999,,53.27
Cotton seed,Producer Price Index (2014-2016 = 100),2000,2000,,54.74
Cotton seed,Producer Price Index (2014-2016 = 100),2001,2001,,52.88
Cotton seed,Producer Price Index (2014-2016 = 100),2002,2002,,67.48
Cotton seed,Producer Price Index (2014-2016 = 100),2003,2003,,63.66
Cotton seed,Producer Price Index (2014-2016 = 100),2004,2004,,58.25
Cotton seed,Producer Price Index (2014-2016 = 100),2005,2005,,71.2
Cotton seed,Producer Price Index (2014-2016 = 100),2006,2006,,77.05
Cotton seed,Producer Price Index (2014-2016 = 100),2007,2007,,87.84
Cotton seed,Producer Price Index (2014-2016 = 100),2008,2008,,91.08
Cotton seed,Producer Price Index (2014-2016 = 100),2009,2009,,107.11
Cotton seed,Producer Price Index (2014-2016 = 100),2010,2010,,62.06
Cotton seed,Producer Price Index (2014-2016 = 100),2011,2011,,65.47
Cotton seed,Producer Price Index (2014-2016 = 100),2012,2012,,79.62
Cotton seed,Producer Price Index (2014-2016 = 100),2013,2013,,79.62
Cotton seed,Producer Price Index (2014-2016 = 100),2014,2014,,91.57
Cotton seed,Producer Price Index (2014-2016 = 100),2015,2015,,105.3
Cotton seed,Producer Price Index (2014-2016 = 100),2016,2016,,103.13
Cotton seed,Producer Price Index (2014-2016 = 100),2017,2017,,103.64
Cotton seed,Producer Price Index (2014-2016 = 100),2018,2018,,111.06
Cotton seed,Producer Price Index (2014-2016 = 100),2019,2019,,135.99
Cotton seed,Producer Price Index (2014-2016 = 100),2020,2020,,120.38
Cotton seed,Producer Price Index (2014-2016 = 100),2021,2021,,125.31
Cotton seed,Producer Price Index (2014-2016 = 100),2022,2022,,131.83
"Jute, raw or retted",Producer Price (LCU/tonne),1993,1993,LCU,7740
"Jute, raw or retted",Producer Price (LCU/tonne),2001,2001,LCU,21420
"Jute, raw or retted",Producer Price (LCU/tonne),2002,2002,LCU,21420
"Jute, raw or retted",Producer Price (LCU/tonne),2003,2003,LCU,22000
"Jute, raw or retted",Producer Price (LCU/tonne),2004,2004,LCU,22000
"Jute, raw or retted",Producer Price (LCU/tonne),2005,2005,LCU,22000
"Jute, raw or retted",Producer Price (LCU/tonne),2006,2006,LCU,21710
"Jute, raw or retted",Producer Price (LCU/tonne),2007,2007,LCU,24749
"Jute, raw or retted",Producer Price (LCU/tonne),2008,2008,LCU,25328.3
"Jute, raw or retted",Producer Price (LCU/tonne),2009,2009,LCU,29785
"Jute, raw or retted",Producer Price (LCU/tonne),2010,2010,LCU,32614.5
"Jute, raw or retted",Producer Price (LCU/tonne),2011,2011,LCU,29000
"Jute, raw or retted",Producer Price (LCU/tonne),2012,2012,LCU,32000
"Jute, raw or retted",Producer Price (LCU/tonne),2013,2013,LCU,32000
"Jute, raw or retted",Producer Price (LCU/tonne),2014,2014,LCU,36800
"Jute, raw or retted",Producer Price (LCU/tonne),2015,2015,LCU,42320
"Jute, raw or retted",Producer Price (LCU/tonne),2016,2016,LCU,43964.7
"Jute, raw or retted",Producer Price (LCU/tonne),2017,2017,LCU,45470.4
"Jute, raw or retted",Producer Price (LCU/tonne),2018,2018,LCU,53790
"Jute, raw or retted",Producer Price (LCU/tonne),2019,2019,LCU,59090
"Jute, raw or retted",Producer Price (LCU/tonne),2020,2020,LCU,56460
"Jute, raw or retted",Producer Price (LCU/tonne),2021,2021,LCU,94380
"Jute, raw or retted",Producer Price (LCU/tonne),2022,2022,LCU,93470
"Jute, raw or retted",Producer Price (SLC/tonne),1993,1993,SLC,7740
"Jute, raw or retted",Producer Price (SLC/tonne),2001,2001,SLC,21420
"Jute, raw or retted",Producer Price (SLC/tonne),2002,2002,SLC,21420
"Jute, raw or retted",Producer Price (SLC/tonne),2003,2003,SLC,22000
"Jute, raw or retted",Producer Price (SLC/tonne),2004,2004,SLC,22000
"Jute, raw or retted",Producer Price (SLC/tonne),2005,2005,SLC,22000
"Jute, raw or retted",Producer Price (SLC/tonne),2006,2006,SLC,21710
"Jute, raw or retted",Producer Price (SLC/tonne),2007,2007,SLC,24749
"Jute, raw or retted",Producer Price (SLC/tonne),2008,2008,SLC,25328.3
"Jute, raw or retted",Producer Price (SLC/tonne),2009,2009,SLC,29785
"Jute, raw or retted",Producer Price (SLC/tonne),2010,2010,SLC,32614.5
"Jute, raw or retted",Producer Price (SLC/tonne),2011,2011,SLC,29000
"Jute, raw or retted",Producer Price (SLC/tonne),2012,2012,SLC,32000
"Jute, raw or retted",Producer Price (SLC/tonne),2013,2013,SLC,32000
"Jute, raw or retted",Producer Price (SLC/tonne),2014,2014,SLC,36800
"Jute, raw or retted",Producer Price (SLC/tonne),2015,2015,SLC,42320
"Jute, raw or retted",Producer Price (SLC/tonne),2016,2016,SLC,43964.7
"Jute, raw or retted",Producer Price (SLC/tonne),2017,2017,SLC,45470.4
"Jute, raw or retted",Producer Price (SLC/tonne),2018,2018,SLC,53790
"Jute, raw or retted",Producer Price (SLC/tonne),2019,2019,SLC,59090
"Jute, raw or retted",Producer Price (SLC/tonne),2020,2020,SLC,56460
"Jute, raw or retted",Producer Price (SLC/tonne),2021,2021,SLC,94380
"Jute, raw or retted",Producer Price (SLC/tonne),2022,2022,SLC,93470
"Jute, raw or retted",Producer Price (USD/tonne),1993,1993,USD,159.2
"Jute, raw or retted",Producer Price (USD/tonne),2001,2001,USD,285.8
"Jute, raw or retted",Producer Price (USD/tonne),2002,2002,USD,275.1
"Jute, raw or retted",Producer Price (USD/tonne),2003,2003,USD,288.9
"Jute, raw or retted",Producer Price (USD/tonne),2004,2004,USD,298.6
"Jute, raw or retted",Producer Price (USD/tonne),2005,2005,USD,308.3
"Jute, raw or retted",Producer Price (USD/tonne),2006,2006,USD,298.4
"Jute, raw or retted",Producer Price (USD/tonne),2007,2007,USD,372.6
"Jute, raw or retted",Producer Price (USD/tonne),2008,2008,USD,363.1
"Jute, raw or retted",Producer Price (USD/tonne),2009,2009,USD,384
"Jute, raw or retted",Producer Price (USD/tonne),2010,2010,USD,445.2
"Jute, raw or retted",Producer Price (USD/tonne),2011,2011,USD,391.8
"Jute, raw or retted",Producer Price (USD/tonne),2012,2012,USD,375.5
"Jute, raw or retted",Producer Price (USD/tonne),2013,2013,USD,343.8
"Jute, raw or retted",Producer Price (USD/tonne),2014,2014,USD,377.2
"Jute, raw or retted",Producer Price (USD/tonne),2015,2015,USD,413.3
"Jute, raw or retted",Producer Price (USD/tonne),2016,2016,USD,409.4
"Jute, raw or retted",Producer Price (USD/tonne),2017,2017,USD,435.1
"Jute, raw or retted",Producer Price (USD/tonne),2018,2018,USD,493.8
"Jute, raw or retted",Producer Price (USD/tonne),2019,2019,USD,524.7
"Jute, raw or retted",Producer Price (USD/tonne),2020,2020,USD,477.1
"Jute, raw or retted",Producer Price (USD/tonne),2021,2021,USD,798.9
"Jute, raw or retted",Producer Price (USD/tonne),2022,2022,USD,746.6
"Jute, raw or retted",Producer Price Index (2014-2016 = 100),1991,1991,,22.28
"Jute, raw or retted",Producer Price Index (2014-2016 = 100),1992,1992,,18.63
"Jute, raw or retted",Producer Price Index (2014-2016 = 100),1993,1993,,18.87
"Jute, raw or retted",Producer Price Index (2014-2016 = 100),1994,1994,,21.86
"Jute, raw or retted",Producer Price Index (2014-2016 = 100),1995,1995,,24.86
"Jute, raw or retted",Producer Price Index (2014-2016 = 100),1996,1996,,27.86
"Jute, raw or retted",Producer Price Index (2014-2016 = 100),1997,1997,,30.86
"Jute, raw or retted",Producer Price Index (2014-2016 = 100),1998,1998,,33.86
"Jute, raw or retted",Producer Price Index (2014-2016 = 100),1999,1999,,36.86
"Jute, raw or retted",Producer Price Index (2014-2016 = 100),2000,2000,,39.86
"Jute, raw or retted",Producer Price Index (2014-2016 = 100),2001,2001,,52.21
"Jute, raw or retted",Producer Price Index (2014-2016 = 100),2002,2002,,52.21
"Jute, raw or retted",Producer Price Index (2014-2016 = 100),2003,2003,,53.62
"Jute, raw or retted",Producer Price Index (2014-2016 = 100),2004,2004,,53.62
"Jute, raw or retted",Producer Price Index (2014-2016 = 100),2005,2005,,53.62
"Jute, raw or retted",Producer Price Index (2014-2016 = 100),2006,2006,,52.91
"Jute, raw or retted",Producer Price Index (2014-2016 = 100),2007,2007,,60.32
"Jute, raw or retted",Producer Price Index (2014-2016 = 100),2008,2008,,61.73
"Jute, raw or retted",Producer Price Index (2014-2016 = 100),2009,2009,,72.6
"Jute, raw or retted",Producer Price Index (2014-2016 = 100),2010,2010,,79.49
"Jute, raw or retted",Producer Price Index (2014-2016 = 100),2011,2011,,70.68
"Jute, raw or retted",Producer Price Index (2014-2016 = 100),2012,2012,,78
"Jute, raw or retted",Producer Price Index (2014-2016 = 100),2013,2013,,78
"Jute, raw or retted",Producer Price Index (2014-2016 = 100),2014,2014,,89.69
"Jute, raw or retted",Producer Price Index (2014-2016 = 100),2015,2015,,103.15
"Jute, raw or retted",Producer Price Index (2014-2016 = 100),2016,2016,,107.16
"Jute, raw or retted",Producer Price Index (2014-2016 = 100),2017,2017,,110.83
"Jute, raw or retted",Producer Price Index (2014-2016 = 100),2018,2018,,131.1
"Jute, raw or retted",Producer Price Index (2014-2016 = 100),2019,2019,,144.02
"Jute, raw or retted",Producer Price Index (2014-2016 = 100),2020,2020,,137.61
"Jute, raw or retted",Producer Price Index (2014-2016 = 100),2021,2021,,230.04
"Jute, raw or retted",Producer Price Index (2014-2016 = 100),2022,2022,,227.82
"Lentils, dry",Producer Price (LCU/tonne),1992,1992,LCU,10160
"Lentils, dry",Producer Price (LCU/tonne),1997,1997,LCU,15000
"Lentils, dry",Producer Price (LCU/tonne),1998,1998,LCU,20000
"Lentils, dry",Producer Price (LCU/tonne),1999,1999,LCU,20000
"Lentils, dry",Producer Price (LCU/tonne),2000,2000,LCU,21000
"Lentils, dry",Producer Price (LCU/tonne),2001,2001,LCU,22000
"Lentils, dry",Producer Price (LCU/tonne),2002,2002,LCU,37000
"Lentils, dry",Producer Price (LCU/tonne),2003,2003,LCU,30300
"Lentils, dry",Producer Price (LCU/tonne),2004,2004,LCU,43040
"Lentils, dry",Producer Price (LCU/tonne),2005,2005,LCU,44745
"Lentils, dry",Producer Price (LCU/tonne),2006,2006,LCU,47993
"Lentils, dry",Producer Price (LCU/tonne),2007,2007,LCU,52278
"Lentils, dry",Producer Price (LCU/tonne),2008,2008,LCU,68002.4
"Lentils, dry",Producer Price (LCU/tonne),2009,2009,LCU,101845.8
"Lentils, dry",Producer Price (LCU/tonne),2010,2010,LCU,101845.8
"Lentils, dry",Producer Price (LCU/tonne),2011,2011,LCU,73250
"Lentils, dry",Producer Price (LCU/tonne),2012,2012,LCU,77000.4
"Lentils, dry",Producer Price (LCU/tonne),2013,2013,LCU,77000
"Lentils, dry",Producer Price (LCU/tonne),2014,2014,LCU,77924
"Lentils, dry",Producer Price (LCU/tonne),2015,2015,LCU,78859
"Lentils, dry",Producer Price (LCU/tonne),2016,2016,LCU,93154.9
"Lentils, dry",Producer Price (LCU/tonne),2017,2017,LCU,96345.5
"Lentils, dry",Producer Price (LCU/tonne),2018,2018,LCU,82590
"Lentils, dry",Producer Price (LCU/tonne),2019,2019,LCU,80710
"Lentils, dry",Producer Price (LCU/tonne),2020,2020,LCU,81240
"Lentils, dry",Producer Price (LCU/tonne),2021,2021,LCU,84240
"Lentils, dry",Producer Price (LCU/tonne),2022,2022,LCU,91090
"Lentils, dry",Producer Price (SLC/tonne),1992,1992,SLC,10160
"Lentils, dry",Producer Price (SLC/tonne),1997,1997,SLC,15000
"Lentils, dry",Producer Price (SLC/tonne),1998,1998,SLC,20000
"Lentils, dry",Producer Price (SLC/tonne),1999,1999,SLC,20000
"Lentils, dry",Producer Price (SLC/tonne),2000,2000,SLC,21000
"Lentils, dry",Producer Price (SLC/tonne),2001,2001,SLC,22000
"Lentils, dry",Producer Price (SLC/tonne),2002,2002,SLC,37000
"Lentils, dry",Producer Price (SLC/tonne),2003,2003,SLC,30300
"Lentils, dry",Producer Price (SLC/tonne),2004,2004,SLC,43040
"Lentils, dry",Producer Price (SLC/tonne),2005,2005,SLC,44745
"Lentils, dry",Producer Price (SLC/tonne),2006,2006,SLC,47993
"Lentils, dry",Producer Price (SLC/tonne),2007,2007,SLC,52278
"Lentils, dry",Producer Price (SLC/tonne),2008,2008,SLC,68002.4
"Lentils, dry",Producer Price (SLC/tonne),2009,2009,SLC,101845.8
"Lentils, dry",Producer Price (SLC/tonne),2010,2010,SLC,101845.8
"Lentils, dry",Producer Price (SLC/tonne),2011,2011,SLC,73250
"Lentils, dry",Producer Price (SLC/tonne),2012,2012,SLC,77000.4
"Lentils, dry",Producer Price (SLC/tonne),2013,2013,SLC,77000
"Lentils, dry",Producer Price (SLC/tonne),2014,2014,SLC,77924
"Lentils, dry",Producer Price (SLC/tonne),2015,2015,SLC,78859
"Lentils, dry",Producer Price (SLC/tonne),2016,2016,SLC,93154.9
"Lentils, dry",Producer Price (SLC/tonne),2017,2017,SLC,96345.5
"Lentils, dry",Producer Price (SLC/tonne),2018,2018,SLC,82590
"Lentils, dry",Producer Price (SLC/tonne),2019,2019,SLC,80710
"Lentils, dry",Producer Price (SLC/tonne),2020,2020,SLC,81240
"Lentils, dry",Producer Price (SLC/tonne),2021,2021,SLC,84240
"Lentils, dry",Producer Price (SLC/tonne),2022,2022,SLC,91090
"Lentils, dry",Producer Price (USD/tonne),1992,1992,USD,237.8
"Lentils, dry",Producer Price (USD/tonne),1997,1997,USD,258.6
"Lentils, dry",Producer Price (USD/tonne),1998,1998,USD,303.1
"Lentils, dry",Producer Price (USD/tonne),1999,1999,USD,293.1
"Lentils, dry",Producer Price (USD/tonne),2000,2000,USD,295.4
"Lentils, dry",Producer Price (USD/tonne),2001,2001,USD,293.5
"Lentils, dry",Producer Price (USD/tonne),2002,2002,USD,475.1
"Lentils, dry",Producer Price (USD/tonne),2003,2003,USD,397.9
"Lentils, dry",Producer Price (USD/tonne),2004,2004,USD,584.2
"Lentils, dry",Producer Price (USD/tonne),2005,2005,USD,627
"Lentils, dry",Producer Price (USD/tonne),2006,2006,USD,659.6
"Lentils, dry",Producer Price (USD/tonne),2007,2007,USD,787.1
"Lentils, dry",Producer Price (USD/tonne),2008,2008,USD,974.8
"Lentils, dry",Producer Price (USD/tonne),2009,2009,USD,1312.9
"Lentils, dry",Producer Price (USD/tonne),2010,2010,USD,1390.2
"Lentils, dry",Producer Price (USD/tonne),2011,2011,USD,989.6
"Lentils, dry",Producer Price (USD/tonne),2012,2012,USD,903.5
"Lentils, dry",Producer Price (USD/tonne),2013,2013,USD,827.2
"Lentils, dry",Producer Price (USD/tonne),2014,2014,USD,798.8
"Lentils, dry",Producer Price (USD/tonne),2015,2015,USD,770.1
"Lentils, dry",Producer Price (USD/tonne),2016,2016,USD,867.5
"Lentils, dry",Producer Price (USD/tonne),2017,2017,USD,921.9
"Lentils, dry",Producer Price (USD/tonne),2018,2018,USD,758.2
"Lentils, dry",Producer Price (USD/tonne),2019,2019,USD,716.7
"Lentils, dry",Producer Price (USD/tonne),2020,2020,USD,686.5
"Lentils, dry",Producer Price (USD/tonne),2021,2021,USD,713.1
"Lentils, dry",Producer Price (USD/tonne),2022,2022,USD,727.6
"Lentils, dry",Producer Price Index (2014-2016 = 100),1991,1991,,10.16
"Lentils, dry",Producer Price Index (2014-2016 = 100),1992,1992,,12.2
"Lentils, dry",Producer Price Index (2014-2016 = 100),1993,1993,,14.81
"Lentils, dry",Producer Price Index (2014-2016 = 100),1994,1994,,12.14
"Lentils, dry",Producer Price Index (2014-2016 = 100),1995,1995,,13.74
"Lentils, dry",Producer Price Index (2014-2016 = 100),1996,1996,,16.5
"Lentils, dry",Producer Price Index (2014-2016 = 100),1997,1997,,18
"Lentils, dry",Producer Price Index (2014-2016 = 100),1998,1998,,24.01
"Lentils, dry",Producer Price Index (2014-2016 = 100),1999,1999,,24.01
"Lentils, dry",Producer Price Index (2014-2016 = 100),2000,2000,,25.21
"Lentils, dry",Producer Price Index (2014-2016 = 100),2001,2001,,26.41
"Lentils, dry",Producer Price Index (2014-2016 = 100),2002,2002,,44.41
"Lentils, dry",Producer Price Index (2014-2016 = 100),2003,2003,,36.37
"Lentils, dry",Producer Price Index (2014-2016 = 100),2004,2004,,51.66
"Lentils, dry",Producer Price Index (2014-2016 = 100),2005,2005,,53.71
"Lentils, dry",Producer Price Index (2014-2016 = 100),2006,2006,,57.61
"Lentils, dry",Producer Price Index (2014-2016 = 100),2007,2007,,62.75
"Lentils, dry",Producer Price Index (2014-2016 = 100),2008,2008,,81.62
"Lentils, dry",Producer Price Index (2014-2016 = 100),2009,2009,,122.25
"Lentils, dry",Producer Price Index (2014-2016 = 100),2010,2010,,122.25
"Lentils, dry",Producer Price Index (2014-2016 = 100),2011,2011,,87.92
"Lentils, dry",Producer Price Index (2014-2016 = 100),2012,2012,,92.42
"Lentils, dry",Producer Price Index (2014-2016 = 100),2013,2013,,92.42
"Lentils, dry",Producer Price Index (2014-2016 = 100),2014,2014,,93.53
"Lentils, dry",Producer Price Index (2014-2016 = 100),2015,2015,,94.65
"Lentils, dry",Producer Price Index (2014-2016 = 100),2016,2016,,111.81
"Lentils, dry",Producer Price Index (2014-2016 = 100),2017,2017,,115.64
"Lentils, dry",Producer Price Index (2014-2016 = 100),2018,2018,,99.13
"Lentils, dry",Producer Price Index (2014-2016 = 100),2019,2019,,96.88
"Lentils, dry",Producer Price Index (2014-2016 = 100),2020,2020,,97.51
"Lentils, dry",Producer Price Index (2014-2016 = 100),2021,2021,,101.11
"Lentils, dry",Producer Price Index (2014-2016 = 100),2022,2022,,109.34
Maize (corn),Producer Price (LCU/tonne),1991,1991,LCU,4300
Maize (corn),Producer Price (LCU/tonne),1992,1992,LCU,4373
Maize (corn),Producer Price (LCU/tonne),1993,1993,LCU,5690
Maize (corn),Producer Price (LCU/tonne),1994,1994,LCU,5680
Maize (corn),Producer Price (LCU/tonne),1995,1995,LCU,7080
Maize (corn),Producer Price (LCU/tonne),1996,1996,LCU,8920
Maize (corn),Producer Price (LCU/tonne),1997,1997,LCU,6860
Maize (corn),Producer Price (LCU/tonne),1998,1998,LCU,7010
Maize (corn),Producer Price (LCU/tonne),1999,1999,LCU,7819
Maize (corn),Producer Price (LCU/tonne),2000,2000,LCU,9103
Maize (corn),Producer Price (LCU/tonne),2001,2001,LCU,9089
Maize (corn),Producer Price (LCU/tonne),2002,2002,LCU,9683
Maize (corn),Producer Price (LCU/tonne),2003,2003,LCU,9868
Maize (corn),Producer Price (LCU/tonne),2004,2004,LCU,10839
Maize (corn),Producer Price (LCU/tonne),2005,2005,LCU,9951
Maize (corn),Producer Price (LCU/tonne),2006,2006,LCU,10113
Maize (corn),Producer Price (LCU/tonne),2007,2007,LCU,11529
Maize (corn),Producer Price (LCU/tonne),2008,2008,LCU,13000
Maize (corn),Producer Price (LCU/tonne),2009,2009,LCU,16330
Maize (corn),Producer Price (LCU/tonne),2010,2010,LCU,21170
Maize (corn),Producer Price (LCU/tonne),2011,2011,LCU,21780
Maize (corn),Producer Price (LCU/tonne),2012,2012,LCU,22550
Maize (corn),Producer Price (LCU/tonne),2013,2013,LCU,24000
Maize (corn),Producer Price (LCU/tonne),2014,2014,LCU,25920
Maize (corn),Producer Price (LCU/tonne),2015,2015,LCU,27994
Maize (corn),Producer Price (LCU/tonne),2016,2016,LCU,28844.6
Maize (corn),Producer Price (LCU/tonne),2017,2017,LCU,28807.1
Maize (corn),Producer Price (LCU/tonne),2018,2018,LCU,26830
Maize (corn),Producer Price (LCU/tonne),2019,2019,LCU,27340
Maize (corn),Producer Price (LCU/tonne),2020,2020,LCU,32200
Maize (corn),Producer Price (LCU/tonne),2021,2021,LCU,34940
Maize (corn),Producer Price (LCU/tonne),2022,2022,LCU,34660
Maize (corn),Producer Price (SLC/tonne),1991,1991,SLC,4300
Maize (corn),Producer Price (SLC/tonne),1992,1992,SLC,4373
Maize (corn),Producer Price (SLC/tonne),1993,1993,SLC,5690
Maize (corn),Producer Price (SLC/tonne),1994,1994,SLC,5680
Maize (corn),Producer Price (SLC/tonne),1995,1995,SLC,7080
Maize (corn),Producer Price (SLC/tonne),1996,1996,SLC,8920
Maize (corn),Producer Price (SLC/tonne),1997,1997,SLC,6860
Maize (corn),Producer Price (SLC/tonne),1998,1998,SLC,7010
Maize (corn),Producer Price (SLC/tonne),1999,1999,SLC,7819
Maize (corn),Producer Price (SLC/tonne),2000,2000,SLC,9103
Maize (corn),Producer Price (SLC/tonne),2001,2001,SLC,9089
Maize (corn),Producer Price (SLC/tonne),2002,2002,SLC,9683
Maize (corn),Producer Price (SLC/tonne),2003,2003,SLC,9868
Maize (corn),Producer Price (SLC/tonne),2004,2004,SLC,10839
Maize (corn),Producer Price (SLC/tonne),2005,2005,SLC,9951
Maize (corn),Producer Price (SLC/tonne),2006,2006,SLC,10113
Maize (corn),Producer Price (SLC/tonne),2007,2007,SLC,11529
Maize (corn),Producer Price (SLC/tonne),2008,2008,SLC,13000
Maize (corn),Producer Price (SLC/tonne),2009,2009,SLC,16330
Maize (corn),Producer Price (SLC/tonne),2010,2010,SLC,21170
Maize (corn),Producer Price (SLC/tonne),2011,2011,SLC,21780
Maize (corn),Producer Price (SLC/tonne),2012,2012,SLC,22550
Maize (corn),Producer Price (SLC/tonne),2013,2013,SLC,24000
Maize (corn),Producer Price (SLC/tonne),2014,2014,SLC,25920
Maize (corn),Producer Price (SLC/tonne),2015,2015,SLC,27994
Maize (corn),Producer Price (SLC/tonne),2016,2016,SLC,28844.6
Maize (corn),Producer Price (SLC/tonne),2017,2017,SLC,28807.1
Maize (corn),Producer Price (SLC/tonne),2018,2018,SLC,26830
Maize (corn),Producer Price (SLC/tonne),2019,2019,SLC,27340
Maize (corn),Producer Price (SLC/tonne),2020,2020,SLC,32200
Maize (corn),Producer Price (SLC/tonne),2021,2021,SLC,34940
Maize (corn),Producer Price (SLC/tonne),2022,2022,SLC,34660
Maize (corn),Producer Price (USD/tonne),1991,1991,USD,115.4
Maize (corn),Producer Price (USD/tonne),1992,1992,USD,102.4
Maize (corn),Producer Price (USD/tonne),1993,1993,USD,117.1
Maize (corn),Producer Price (USD/tonne),1994,1994,USD,115
Maize (corn),Producer Price (USD/tonne),1995,1995,USD,136.4
Maize (corn),Producer Price (USD/tonne),1996,1996,USD,157.3
Maize (corn),Producer Price (USD/tonne),1997,1997,USD,118.3
Maize (corn),Producer Price (USD/tonne),1998,1998,USD,106.3
Maize (corn),Producer Price (USD/tonne),1999,1999,USD,114.6
Maize (corn),Producer Price (USD/tonne),2000,2000,USD,128
Maize (corn),Producer Price (USD/tonne),2001,2001,USD,121.3
Maize (corn),Producer Price (USD/tonne),2002,2002,USD,124.3
Maize (corn),Producer Price (USD/tonne),2003,2003,USD,129.6
Maize (corn),Producer Price (USD/tonne),2004,2004,USD,147.1
Maize (corn),Producer Price (USD/tonne),2005,2005,USD,139.4
Maize (corn),Producer Price (USD/tonne),2006,2006,USD,139
Maize (corn),Producer Price (USD/tonne),2007,2007,USD,173.6
Maize (corn),Producer Price (USD/tonne),2008,2008,USD,186.3
Maize (corn),Producer Price (USD/tonne),2009,2009,USD,210.5
Maize (corn),Producer Price (USD/tonne),2010,2010,USD,289
Maize (corn),Producer Price (USD/tonne),2011,2011,USD,294.2
Maize (corn),Producer Price (USD/tonne),2012,2012,USD,264.6
Maize (corn),Producer Price (USD/tonne),2013,2013,USD,257.8
Maize (corn),Producer Price (USD/tonne),2014,2014,USD,265.7
Maize (corn),Producer Price (USD/tonne),2015,2015,USD,273.4
Maize (corn),Producer Price (USD/tonne),2016,2016,USD,268.6
Maize (corn),Producer Price (USD/tonne),2017,2017,USD,275.6
Maize (corn),Producer Price (USD/tonne),2018,2018,USD,246.3
Maize (corn),Producer Price (USD/tonne),2019,2019,USD,242.8
Maize (corn),Producer Price (USD/tonne),2020,2020,USD,272.1
Maize (corn),Producer Price (USD/tonne),2021,2021,USD,295.8
Maize (corn),Producer Price (USD/tonne),2022,2022,USD,276.8
Maize (corn),Producer Price Index (2014-2016 = 100),1991,1991,,15.59
Maize (corn),Producer Price Index (2014-2016 = 100),1992,1992,,15.85
Maize (corn),Producer Price Index (2014-2016 = 100),1993,1993,,20.63
Maize (corn),Producer Price Index (2014-2016 = 100),1994,1994,,20.59
Maize (corn),Producer Price Index (2014-2016 = 100),1995,1995,,25.67
Maize (corn),Producer Price Index (2014-2016 = 100),1996,1996,,32.34
Maize (corn),Producer Price Index (2014-2016 = 100),1997,1997,,24.87
Maize (corn),Producer Price Index (2014-2016 = 100),1998,1998,,25.41
Maize (corn),Producer Price Index (2014-2016 = 100),1999,1999,,28.34
Maize (corn),Producer Price Index (2014-2016 = 100),2000,2000,,33
Maize (corn),Producer Price Index (2014-2016 = 100),2001,2001,,32.95
Maize (corn),Producer Price Index (2014-2016 = 100),2002,2002,,35.1
Maize (corn),Producer Price Index (2014-2016 = 100),2003,2003,,35.77
Maize (corn),Producer Price Index (2014-2016 = 100),2004,2004,,39.29
Maize (corn),Producer Price Index (2014-2016 = 100),2005,2005,,36.07
Maize (corn),Producer Price Index (2014-2016 = 100),2006,2006,,36.66
Maize (corn),Producer Price Index (2014-2016 = 100),2007,2007,,41.79
Maize (corn),Producer Price Index (2014-2016 = 100),2008,2008,,47.13
Maize (corn),Producer Price Index (2014-2016 = 100),2009,2009,,59.2
Maize (corn),Producer Price Index (2014-2016 = 100),2010,2010,,76.74
Maize (corn),Producer Price Index (2014-2016 = 100),2011,2011,,78.95
Maize (corn),Producer Price Index (2014-2016 = 100),2012,2012,,81.74
Maize (corn),Producer Price Index (2014-2016 = 100),2013,2013,,87
Maize (corn),Producer Price Index (2014-2016 = 100),2014,2014,,93.96
Maize (corn),Producer Price Index (2014-2016 = 100),2015,2015,,101.48
Maize (corn),Producer Price Index (2014-2016 = 100),2016,2016,,104.56
Maize (corn),Producer Price Index (2014-2016 = 100),2017,2017,,104.43
Maize (corn),Producer Price Index (2014-2016 = 100),2018,2018,,97.26
Maize (corn),Producer Price Index (2014-2016 = 100),2019,2019,,99.11
Maize (corn),Producer Price Index (2014-2016 = 100),2020,2020,,116.73
Maize (corn),Producer Price Index (2014-2016 = 100),2021,2021,,126.66
Maize (corn),Producer Price Index (2014-2016 = 100),2022,2022,,125.64
Millet,Producer Price (LCU/tonne),1991,1991,LCU,4280
Millet,Producer Price (LCU/tonne),1992,1992,LCU,4830
Millet,Producer Price (LCU/tonne),1997,1997,LCU,10000
Millet,Producer Price (LCU/tonne),2001,2001,LCU,10335
Millet,Producer Price (LCU/tonne),2002,2002,LCU,10652
Millet,Producer Price (LCU/tonne),2003,2003,LCU,10856
Millet,Producer Price (LCU/tonne),2004,2004,LCU,10839
Millet,Producer Price (LCU/tonne),2005,2005,LCU,9951
Millet,Producer Price (LCU/tonne),2006,2006,LCU,10113
Millet,Producer Price (LCU/tonne),2007,2007,LCU,11529
Millet,Producer Price (LCU/tonne),2008,2008,LCU,13014.4
Millet,Producer Price (LCU/tonne),2009,2009,LCU,14397.9
Millet,Producer Price (LCU/tonne),2010,2010,LCU,19341.1
Millet,Producer Price (LCU/tonne),2011,2011,LCU,19529.1
Millet,Producer Price (LCU/tonne),2012,2012,LCU,20429.1
Millet,Producer Price (LCU/tonne),2013,2013,LCU,26900
Millet,Producer Price (LCU/tonne),2014,2014,LCU,29052
Millet,Producer Price (LCU/tonne),2015,2015,LCU,31376
Millet,Producer Price (LCU/tonne),2016,2016,LCU,32330
Millet,Producer Price (LCU/tonne),2017,2017,LCU,32711.5
Millet,Producer Price (LCU/tonne),2018,2018,LCU,34030
Millet,Producer Price (LCU/tonne),2019,2019,LCU,35180
Millet,Producer Price (LCU/tonne),2020,2020,LCU,36570
Millet,Producer Price (LCU/tonne),2021,2021,LCU,47880
Millet,Producer Price (LCU/tonne),2022,2022,LCU,44130
Millet,Producer Price (SLC/tonne),1991,1991,SLC,4280
Millet,Producer Price (SLC/tonne),1992,1992,SLC,4830
Millet,Producer Price (SLC/tonne),1997,1997,SLC,10000
Millet,Producer Price (SLC/tonne),2001,2001,SLC,10335
Millet,Producer Price (SLC/tonne),2002,2002,SLC,10652
Millet,Producer Price (SLC/tonne),2003,2003,SLC,10856
Millet,Producer Price (SLC/tonne),2004,2004,SLC,10839
Millet,Producer Price (SLC/tonne),2005,2005,SLC,9951
Millet,Producer Price (SLC/tonne),2006,2006,SLC,10113
Millet,Producer Price (SLC/tonne),2007,2007,SLC,11529
Millet,Producer Price (SLC/tonne),2008,2008,SLC,13014.4
Millet,Producer Price (SLC/tonne),2009,2009,SLC,14397.9
Millet,Producer Price (SLC/tonne),2010,2010,SLC,19341.1
Millet,Producer Price (SLC/tonne),2011,2011,SLC,19529.1
Millet,Producer Price (SLC/tonne),2012,2012,SLC,20429.1
Millet,Producer Price (SLC/tonne),2013,2013,SLC,26900
Millet,Producer Price (SLC/tonne),2014,2014,SLC,29052
Millet,Producer Price (SLC/tonne),2015,2015,SLC,31376
Millet,Producer Price (SLC/tonne),2016,2016,SLC,32330
Millet,Producer Price (SLC/tonne),2017,2017,SLC,32711.5
Millet,Producer Price (SLC/tonne),2018,2018,SLC,34030
Millet,Producer Price (SLC/tonne),2019,2019,SLC,35180
Millet,Producer Price (SLC/tonne),2020,2020,SLC,36570
Millet,Producer Price (SLC/tonne),2021,2021,SLC,47880
Millet,Producer Price (SLC/tonne),2022,2022,SLC,44130
Millet,Producer Price (USD/tonne),1991,1991,USD,114.9
Millet,Producer Price (USD/tonne),1992,1992,USD,113.1
Millet,Producer Price (USD/tonne),1997,1997,USD,172.4
Millet,Producer Price (USD/tonne),2001,2001,USD,137.9
Millet,Producer Price (USD/tonne),2002,2002,USD,136.8
Millet,Producer Price (USD/tonne),2003,2003,USD,142.6
Millet,Producer Price (USD/tonne),2004,2004,USD,147.1
Millet,Producer Price (USD/tonne),2005,2005,USD,139.4
Millet,Producer Price (USD/tonne),2006,2006,USD,139
Millet,Producer Price (USD/tonne),2007,2007,USD,173.6
Millet,Producer Price (USD/tonne),2008,2008,USD,186.6
Millet,Producer Price (USD/tonne),2009,2009,USD,185.6
Millet,Producer Price (USD/tonne),2010,2010,USD,264
Millet,Producer Price (USD/tonne),2011,2011,USD,263.8
Millet,Producer Price (USD/tonne),2012,2012,USD,239.7
Millet,Producer Price (USD/tonne),2013,2013,USD,289
Millet,Producer Price (USD/tonne),2014,2014,USD,297.8
Millet,Producer Price (USD/tonne),2015,2015,USD,306.4
Millet,Producer Price (USD/tonne),2016,2016,USD,301.1
Millet,Producer Price (USD/tonne),2017,2017,USD,313
Millet,Producer Price (USD/tonne),2018,2018,USD,312.4
Millet,Producer Price (USD/tonne),2019,2019,USD,312.4
Millet,Producer Price (USD/tonne),2020,2020,USD,309
Millet,Producer Price (USD/tonne),2021,2021,USD,405.3
Millet,Producer Price (USD/tonne),2022,2022,USD,352.5
Millet,Producer Price Index (2014-2016 = 100),1991,1991,,13.84
Millet,Producer Price Index (2014-2016 = 100),1992,1992,,15.62
Millet,Producer Price Index (2014-2016 = 100),1993,1993,,18.1
Millet,Producer Price Index (2014-2016 = 100),1994,1994,,20.72
Millet,Producer Price Index (2014-2016 = 100),1995,1995,,22.96
Millet,Producer Price Index (2014-2016 = 100),1996,1996,,27.08
Millet,Producer Price Index (2014-2016 = 100),1997,1997,,32.34
Millet,Producer Price Index (2014-2016 = 100),1998,1998,,33.32
Millet,Producer Price Index (2014-2016 = 100),1999,1999,,30.37
Millet,Producer Price Index (2014-2016 = 100),2000,2000,,32.14
Millet,Producer Price Index (2014-2016 = 100),2001,2001,,33.43
Millet,Producer Price Index (2014-2016 = 100),2002,2002,,34.45
Millet,Producer Price Index (2014-2016 = 100),2003,2003,,35.11
Millet,Producer Price Index (2014-2016 = 100),2004,2004,,35.06
Millet,Producer Price Index (2014-2016 = 100),2005,2005,,32.18
Millet,Producer Price Index (2014-2016 = 100),2006,2006,,32.71
Millet,Producer Price Index (2014-2016 = 100),2007,2007,,37.29
Millet,Producer Price Index (2014-2016 = 100),2008,2008,,42.09
Millet,Producer Price Index (2014-2016 = 100),2009,2009,,46.57
Millet,Producer Price Index (2014-2016 = 100),2010,2010,,62.55
Millet,Producer Price Index (2014-2016 = 100),2011,2011,,63.16
Millet,Producer Price Index (2014-2016 = 100),2012,2012,,66.07
Millet,Producer Price Index (2014-2016 = 100),2013,2013,,87
Millet,Producer Price Index (2014-2016 = 100),2014,2014,,93.96
Millet,Producer Price Index (2014-2016 = 100),2015,2015,,101.48
Millet,Producer Price Index (2014-2016 = 100),2016,2016,,104.56
Millet,Producer Price Index (2014-2016 = 100),2017,2017,,105.8
Millet,Producer Price Index (2014-2016 = 100),2018,2018,,110.06
Millet,Producer Price Index (2014-2016 = 100),2019,2019,,113.78
Millet,Producer Price Index (2014-2016 = 100),2020,2020,,118.28
Millet,Producer Price Index (2014-2016 = 100),2021,2021,,154.85
Millet,Producer Price Index (2014-2016 = 100),2022,2022,,142.73
Potatoes,Producer Price (LCU/tonne),1992,1992,LCU,2210
Potatoes,Producer Price (LCU/tonne),1993,1993,LCU,3700
Potatoes,Producer Price (LCU/tonne),1996,1996,LCU,10019
Potatoes,Producer Price (LCU/tonne),1997,1997,LCU,6833
Potatoes,Producer Price (LCU/tonne),1998,1998,LCU,8875
Potatoes,Producer Price (LCU/tonne),1999,1999,LCU,9750
Potatoes,Producer Price (LCU/tonne),2001,2001,LCU,9915
Potatoes,Producer Price (LCU/tonne),2002,2002,LCU,10000
Potatoes,Producer Price (LCU/tonne),2003,2003,LCU,7618
Potatoes,Producer Price (LCU/tonne),2004,2004,LCU,8765
Potatoes,Producer Price (LCU/tonne),2005,2005,LCU,11646
Potatoes,Producer Price (LCU/tonne),2006,2006,LCU,15219
Potatoes,Producer Price (LCU/tonne),2007,2007,LCU,17559
Potatoes,Producer Price (LCU/tonne),2008,2008,LCU,11370.5
Potatoes,Producer Price (LCU/tonne),2009,2009,LCU,17557.4
Potatoes,Producer Price (LCU/tonne),2010,2010,LCU,22824.6
Potatoes,Producer Price (LCU/tonne),2011,2011,LCU,23854.7
Potatoes,Producer Price (LCU/tonne),2012,2012,LCU,24254.7
Potatoes,Producer Price (LCU/tonne),2013,2013,LCU,25200
Potatoes,Producer Price (LCU/tonne),2014,2014,LCU,27216
Potatoes,Producer Price (LCU/tonne),2015,2015,LCU,29393
Potatoes,Producer Price (LCU/tonne),2016,2016,LCU,30286.8
Potatoes,Producer Price (LCU/tonne),2017,2017,LCU,30644.2
Potatoes,Producer Price (LCU/tonne),2018,2018,LCU,26780
Potatoes,Producer Price (LCU/tonne),2019,2019,LCU,27570
Potatoes,Producer Price (LCU/tonne),2020,2020,LCU,32350
Potatoes,Producer Price (LCU/tonne),2021,2021,LCU,36360
Potatoes,Producer Price (LCU/tonne),2022,2022,LCU,35000
Potatoes,Producer Price (SLC/tonne),1992,1992,SLC,2210
Potatoes,Producer Price (SLC/tonne),1993,1993,SLC,3700
Potatoes,Producer Price (SLC/tonne),1996,1996,SLC,10019
Potatoes,Producer Price (SLC/tonne),1997,1997,SLC,6833
Potatoes,Producer Price (SLC/tonne),1998,1998,SLC,8875
Potatoes,Producer Price (SLC/tonne),1999,1999,SLC,9750
Potatoes,Producer Price (SLC/tonne),2001,2001,SLC,9915
Potatoes,Producer Price (SLC/tonne),2002,2002,SLC,10000
Potatoes,Producer Price (SLC/tonne),2003,2003,SLC,7618
Potatoes,Producer Price (SLC/tonne),2004,2004,SLC,8765
Potatoes,Producer Price (SLC/tonne),2005,2005,SLC,11646
Potatoes,Producer Price (SLC/tonne),2006,2006,SLC,15219
Potatoes,Producer Price (SLC/tonne),2007,2007,SLC,17559
Potatoes,Producer Price (SLC/tonne),2008,2008,SLC,11370.5
Potatoes,Producer Price (SLC/tonne),2009,2009,SLC,17557.4
Potatoes,Producer Price (SLC/tonne),2010,2010,SLC,22824.6
Potatoes,Producer Price (SLC/tonne),2011,2011,SLC,23854.7
Potatoes,Producer Price (SLC/tonne),2012,2012,SLC,24254.7
Potatoes,Producer Price (SLC/tonne),2013,2013,SLC,25200
Potatoes,Producer Price (SLC/tonne),2014,2014,SLC,27216
Potatoes,Producer Price (SLC/tonne),2015,2015,SLC,29393
Potatoes,Producer Price (SLC/tonne),2016,2016,SLC,30286.8
Potatoes,Producer Price (SLC/tonne),2017,2017,SLC,30644.2
Potatoes,Producer Price (SLC/tonne),2018,2018,SLC,26780
Potatoes,Producer Price (SLC/tonne),2019,2019,SLC,27570
Potatoes,Producer Price (SLC/tonne),2020,2020,SLC,32350
Potatoes,Producer Price (SLC/tonne),2021,2021,SLC,36360
Potatoes,Producer Price (SLC/tonne),2022,2022,SLC,35000
Potatoes,Producer Price (USD/tonne),1992,1992,USD,51.7
Potatoes,Producer Price (USD/tonne),1993,1993,USD,76.1
Potatoes,Producer Price (USD/tonne),1996,1996,USD,176.7
Potatoes,Producer Price (USD/tonne),1997,1997,USD,117.8
Potatoes,Producer Price (USD/tonne),1998,1998,USD,134.5
Potatoes,Producer Price (USD/tonne),1999,1999,USD,142.9
Potatoes,Producer Price (USD/tonne),2001,2001,USD,132.3
Potatoes,Producer Price (USD/tonne),2002,2002,USD,128.4
Potatoes,Producer Price (USD/tonne),2003,2003,USD,100.1
Potatoes,Producer Price (USD/tonne),2004,2004,USD,119
Potatoes,Producer Price (USD/tonne),2005,2005,USD,163.2
Potatoes,Producer Price (USD/tonne),2006,2006,USD,209.2
Potatoes,Producer Price (USD/tonne),2007,2007,USD,264.4
Potatoes,Producer Price (USD/tonne),2008,2008,USD,163
Potatoes,Producer Price (USD/tonne),2009,2009,USD,226.3
Potatoes,Producer Price (USD/tonne),2010,2010,USD,311.5
Potatoes,Producer Price (USD/tonne),2011,2011,USD,322.3
Potatoes,Producer Price (USD/tonne),2012,2012,USD,284.6
Potatoes,Producer Price (USD/tonne),2013,2013,USD,270.7
Potatoes,Producer Price (USD/tonne),2014,2014,USD,279
Potatoes,Producer Price (USD/tonne),2015,2015,USD,287
Potatoes,Producer Price (USD/tonne),2016,2016,USD,282
Potatoes,Producer Price (USD/tonne),2017,2017,USD,293.2
Potatoes,Producer Price (USD/tonne),2018,2018,USD,245.8
Potatoes,Producer Price (USD/tonne),2019,2019,USD,244.8
Potatoes,Producer Price (USD/tonne),2020,2020,USD,273.4
Potatoes,Producer Price (USD/tonne),2021,2021,USD,307.8
Potatoes,Producer Price (USD/tonne),2022,2022,USD,279.6
Potatoes,Producer Price Index (2014-2016 = 100),1991,1991,,11.56
Potatoes,Producer Price Index (2014-2016 = 100),1992,1992,,7.63
Potatoes,Producer Price Index (2014-2016 = 100),1993,1993,,12.77
Potatoes,Producer Price Index (2014-2016 = 100),1994,1994,,18.79
Potatoes,Producer Price Index (2014-2016 = 100),1995,1995,,19.85
Potatoes,Producer Price Index (2014-2016 = 100),1996,1996,,34.59
Potatoes,Producer Price Index (2014-2016 = 100),1997,1997,,23.59
Potatoes,Producer Price Index (2014-2016 = 100),1998,1998,,30.64
Potatoes,Producer Price Index (2014-2016 = 100),1999,1999,,33.66
Potatoes,Producer Price Index (2014-2016 = 100),2000,2000,,31.79
Potatoes,Producer Price Index (2014-2016 = 100),2001,2001,,34.23
Potatoes,Producer Price Index (2014-2016 = 100),2002,2002,,34.52
Potatoes,Producer Price Index (2014-2016 = 100),2003,2003,,26.3
Potatoes,Producer Price Index (2014-2016 = 100),2004,2004,,30.26
Potatoes,Producer Price Index (2014-2016 = 100),2005,2005,,40.21
Potatoes,Producer Price Index (2014-2016 = 100),2006,2006,,52.54
Potatoes,Producer Price Index (2014-2016 = 100),2007,2007,,60.62
Potatoes,Producer Price Index (2014-2016 = 100),2008,2008,,39.26
Potatoes,Producer Price Index (2014-2016 = 100),2009,2009,,60.62
Potatoes,Producer Price Index (2014-2016 = 100),2010,2010,,78.8
Potatoes,Producer Price Index (2014-2016 = 100),2011,2011,,82.36
Potatoes,Producer Price Index (2014-2016 = 100),2012,2012,,83.74
Potatoes,Producer Price Index (2014-2016 = 100),2013,2013,,87
Potatoes,Producer Price Index (2014-2016 = 100),2014,2014,,93.96
Potatoes,Producer Price Index (2014-2016 = 100),2015,2015,,101.48
Potatoes,Producer Price Index (2014-2016 = 100),2016,2016,,104.56
Potatoes,Producer Price Index (2014-2016 = 100),2017,2017,,105.8
Potatoes,Producer Price Index (2014-2016 = 100),2018,2018,,92.46
Potatoes,Producer Price Index (2014-2016 = 100),2019,2019,,95.18
Potatoes,Producer Price Index (2014-2016 = 100),2020,2020,,111.69
Potatoes,Producer Price Index (2014-2016 = 100),2021,2021,,125.53
Potatoes,Producer Price Index (2014-2016 = 100),2022,2022,,120.83
Rice,Producer Price (LCU/tonne),1992,1992,LCU,5440
Rice,Producer Price (LCU/tonne),1993,1993,LCU,6132
Rice,Producer Price (LCU/tonne),1994,1994,LCU,6208
Rice,Producer Price (LCU/tonne),1995,1995,LCU,5540
Rice,Producer Price (LCU/tonne),1996,1996,LCU,6870
Rice,Producer Price (LCU/tonne),1997,1997,LCU,7520
Rice,Producer Price (LCU/tonne),1998,1998,LCU,8311
Rice,Producer Price (LCU/tonne),1999,1999,LCU,7386
Rice,Producer Price (LCU/tonne),2000,2000,LCU,9140
Rice,Producer Price (LCU/tonne),2001,2001,LCU,7946
Rice,Producer Price (LCU/tonne),2002,2002,LCU,9322
Rice,Producer Price (LCU/tonne),2003,2003,LCU,9425
Rice,Producer Price (LCU/tonne),2004,2004,LCU,10351
Rice,Producer Price (LCU/tonne),2005,2005,LCU,10769
Rice,Producer Price (LCU/tonne),2006,2006,LCU,10921
Rice,Producer Price (LCU/tonne),2007,2007,LCU,11139
Rice,Producer Price (LCU/tonne),2008,2008,LCU,12540
Rice,Producer Price (LCU/tonne),2009,2009,LCU,18330
Rice,Producer Price (LCU/tonne),2010,2010,LCU,21430
Rice,Producer Price (LCU/tonne),2011,2011,LCU,20680
Rice,Producer Price (LCU/tonne),2012,2012,LCU,21290
Rice,Producer Price (LCU/tonne),2013,2013,LCU,23500
Rice,Producer Price (LCU/tonne),2014,2014,LCU,25263
Rice,Producer Price (LCU/tonne),2015,2015,LCU,27157
Rice,Producer Price (LCU/tonne),2016,2016,LCU,27982.8
Rice,Producer Price (LCU/tonne),2017,2017,LCU,27000.5
Rice,Producer Price (LCU/tonne),2018,2018,LCU,27200
Rice,Producer Price (LCU/tonne),2019,2019,LCU,29550
Rice,Producer Price (LCU/tonne),2020,2020,LCU,31070
Rice,Producer Price (LCU/tonne),2021,2021,LCU,35060
Rice,Producer Price (LCU/tonne),2022,2022,LCU,35910
Rice,Producer Price (SLC/tonne),1992,1992,SLC,5440
Rice,Producer Price (SLC/tonne),1993,1993,SLC,6132
Rice,Producer Price (SLC/tonne),1994,1994,SLC,6208
Rice,Producer Price (SLC/tonne),1995,1995,SLC,5540
Rice,Producer Price (SLC/tonne),1996,1996,SLC,6870
Rice,Producer Price (SLC/tonne),1997,1997,SLC,7520
Rice,Producer Price (SLC/tonne),1998,1998,SLC,8311
Rice,Producer Price (SLC/tonne),1999,1999,SLC,7386
Rice,Producer Price (SLC/tonne),2000,2000,SLC,9140
Rice,Producer Price (SLC/tonne),2001,2001,SLC,7946
Rice,Producer Price (SLC/tonne),2002,2002,SLC,9322
Rice,Producer Price (SLC/tonne),2003,2003,SLC,9425
Rice,Producer Price (SLC/tonne),2004,2004,SLC,10351
Rice,Producer Price (SLC/tonne),2005,2005,SLC,10769
Rice,Producer Price (SLC/tonne),2006,2006,SLC,10921
Rice,Producer Price (SLC/tonne),2007,2007,SLC,11139
Rice,Producer Price (SLC/tonne),2008,2008,SLC,12540
Rice,Producer Price (SLC/tonne),2009,2009,SLC,18330
Rice,Producer Price (SLC/tonne),2010,2010,SLC,21430
Rice,Producer Price (SLC/tonne),2011,2011,SLC,20680
Rice,Producer Price (SLC/tonne),2012,2012,SLC,21290
Rice,Producer Price (SLC/tonne),2013,2013,SLC,23500
Rice,Producer Price (SLC/tonne),2014,2014,SLC,25263
Rice,Producer Price (SLC/tonne),2015,2015,SLC,27157
Rice,Producer Price (SLC/tonne),2016,2016,SLC,27982.8
Rice,Producer Price (SLC/tonne),2017,2017,SLC,27000.5
Rice,Producer Price (SLC/tonne),2018,2018,SLC,27200
Rice,Producer Price (SLC/tonne),2019,2019,SLC,29550
Rice,Producer Price (SLC/tonne),2020,2020,SLC,31070
Rice,Producer Price (SLC/tonne),2021,2021,SLC,35060
Rice,Producer Price (SLC/tonne),2022,2022,SLC,35910
Rice,Producer Price (USD/tonne),1992,1992,USD,127.3
Rice,Producer Price (USD/tonne),1993,1993,USD,126.2
Rice,Producer Price (USD/tonne),1994,1994,USD,125.7
Rice,Producer Price (USD/tonne),1995,1995,USD,106.8
Rice,Producer Price (USD/tonne),1996,1996,USD,121.2
Rice,Producer Price (USD/tonne),1997,1997,USD,129.6
Rice,Producer Price (USD/tonne),1998,1998,USD,126
Rice,Producer Price (USD/tonne),1999,1999,USD,108.2
Rice,Producer Price (USD/tonne),2000,2000,USD,128.6
Rice,Producer Price (USD/tonne),2001,2001,USD,106
Rice,Producer Price (USD/tonne),2002,2002,USD,119.7
Rice,Producer Price (USD/tonne),2003,2003,USD,123.8
Rice,Producer Price (USD/tonne),2004,2004,USD,140.5
Rice,Producer Price (USD/tonne),2005,2005,USD,150.9
Rice,Producer Price (USD/tonne),2006,2006,USD,150.1
Rice,Producer Price (USD/tonne),2007,2007,USD,167.7
Rice,Producer Price (USD/tonne),2008,2008,USD,179.8
Rice,Producer Price (USD/tonne),2009,2009,USD,236.3
Rice,Producer Price (USD/tonne),2010,2010,USD,292.5
Rice,Producer Price (USD/tonne),2011,2011,USD,279.4
Rice,Producer Price (USD/tonne),2012,2012,USD,249.8
Rice,Producer Price (USD/tonne),2013,2013,USD,252.5
Rice,Producer Price (USD/tonne),2014,2014,USD,259
Rice,Producer Price (USD/tonne),2015,2015,USD,265.2
Rice,Producer Price (USD/tonne),2016,2016,USD,260.6
Rice,Producer Price (USD/tonne),2017,2017,USD,258.3
Rice,Producer Price (USD/tonne),2018,2018,USD,249.7
Rice,Producer Price (USD/tonne),2019,2019,USD,262.4
Rice,Producer Price (USD/tonne),2020,2020,USD,262.5
Rice,Producer Price (USD/tonne),2021,2021,USD,296.8
Rice,Producer Price (USD/tonne),2022,2022,USD,286.8
Rice,Producer Price Index (2014-2016 = 100),1991,1991,,14.26
Rice,Producer Price Index (2014-2016 = 100),1992,1992,,20.3
Rice,Producer Price Index (2014-2016 = 100),1993,1993,,22.88
Rice,Producer Price Index (2014-2016 = 100),1994,1994,,23.16
Rice,Producer Price Index (2014-2016 = 100),1995,1995,,20.67
Rice,Producer Price Index (2014-2016 = 100),1996,1996,,25.63
Rice,Producer Price Index (2014-2016 = 100),1997,1997,,28.06
Rice,Producer Price Index (2014-2016 = 100),1998,1998,,31.01
Rice,Producer Price Index (2014-2016 = 100),1999,1999,,27.56
Rice,Producer Price Index (2014-2016 = 100),2000,2000,,34.1
Rice,Producer Price Index (2014-2016 = 100),2001,2001,,29.65
Rice,Producer Price Index (2014-2016 = 100),2002,2002,,34.78
Rice,Producer Price Index (2014-2016 = 100),2003,2003,,35.17
Rice,Producer Price Index (2014-2016 = 100),2004,2004,,38.62
Rice,Producer Price Index (2014-2016 = 100),2005,2005,,40.18
Rice,Producer Price Index (2014-2016 = 100),2006,2006,,40.75
Rice,Producer Price Index (2014-2016 = 100),2007,2007,,41.56
Rice,Producer Price Index (2014-2016 = 100),2008,2008,,46.79
Rice,Producer Price Index (2014-2016 = 100),2009,2009,,68.39
Rice,Producer Price Index (2014-2016 = 100),2010,2010,,79.96
Rice,Producer Price Index (2014-2016 = 100),2011,2011,,77.16
Rice,Producer Price Index (2014-2016 = 100),2012,2012,,79.44
Rice,Producer Price Index (2014-2016 = 100),2013,2013,,87.68
Rice,Producer Price Index (2014-2016 = 100),2014,2014,,94.26
Rice,Producer Price Index (2014-2016 = 100),2015,2015,,101.33
Rice,Producer Price Index (2014-2016 = 100),2016,2016,,104.41
Rice,Producer Price Index (2014-2016 = 100),2017,2017,,100.74
Rice,Producer Price Index (2014-2016 = 100),2018,2018,,101.49
Rice,Producer Price Index (2014-2016 = 100),2019,2019,,110.26
Rice,Producer Price Index (2014-2016 = 100),2020,2020,,115.93
Rice,Producer Price Index (2014-2016 = 100),2021,2021,,130.82
Rice,Producer Price Index (2014-2016 = 100),2022,2022,,133.99
Tea leaves,Producer Price (LCU/tonne),2001,2001,LCU,16472
Tea leaves,Producer Price (LCU/tonne),2002,2002,LCU,21019
Tea leaves,Producer Price (LCU/tonne),2003,2003,LCU,19829
Tea leaves,Producer Price (LCU/tonne),2004,2004,LCU,18143
Tea leaves,Producer Price (LCU/tonne),2005,2005,LCU,22178
Tea leaves,Producer Price (LCU/tonne),2006,2006,LCU,24000
Tea leaves,Producer Price (LCU/tonne),2007,2007,LCU,25440
Tea leaves,Producer Price (LCU/tonne),2008,2008,LCU,26663.3
Tea leaves,Producer Price (LCU/tonne),2009,2009,LCU,27000
Tea leaves,Producer Price (LCU/tonne),2010,2010,LCU,29000
Tea leaves,Producer Price (LCU/tonne),2011,2011,LCU,32400
Tea leaves,Producer Price (LCU/tonne),2012,2012,LCU,33500
Tea leaves,Producer Price (LCU/tonne),2013,2013,LCU,34500
Tea leaves,Producer Price (LCU/tonne),2014,2014,LCU,39916.5
Tea leaves,Producer Price (LCU/tonne),2015,2015,LCU,46183.4
Tea leaves,Producer Price (LCU/tonne),2016,2016,LCU,47978.2
Tea leaves,Producer Price (LCU/tonne),2017,2017,LCU,49609.4
Tea leaves,Producer Price (LCU/tonne),2018,2018,LCU,44330
Tea leaves,Producer Price (LCU/tonne),2019,2019,LCU,51130
Tea leaves,Producer Price (LCU/tonne),2020,2020,LCU,60130
Tea leaves,Producer Price (LCU/tonne),2021,2021,LCU,87630
Tea leaves,Producer Price (LCU/tonne),2022,2022,LCU,73330
Tea leaves,Producer Price (SLC/tonne),2001,2001,SLC,16472
Tea leaves,Producer Price (SLC/tonne),2002,2002,SLC,21019
Tea leaves,Producer Price (SLC/tonne),2003,2003,SLC,19829
Tea leaves,Producer Price (SLC/tonne),2004,2004,SLC,18143
Tea leaves,Producer Price (SLC/tonne),2005,2005,SLC,22178
Tea leaves,Producer Price (SLC/tonne),2006,2006,SLC,24000
Tea leaves,Producer Price (SLC/tonne),2007,2007,SLC,25440
Tea leaves,Producer Price (SLC/tonne),2008,2008,SLC,26663.3
Tea leaves,Producer Price (SLC/tonne),2009,2009,SLC,27000
Tea leaves,Producer Price (SLC/tonne),2010,2010,SLC,29000
Tea leaves,Producer Price (SLC/tonne),2011,2011,SLC,32400
Tea leaves,Producer Price (SLC/tonne),2012,2012,SLC,33500
Tea leaves,Producer Price (SLC/tonne),2013,2013,SLC,34500
Tea leaves,Producer Price (SLC/tonne),2014,2014,SLC,39916.5
Tea leaves,Producer Price (SLC/tonne),2015,2015,SLC,46183.4
Tea leaves,Producer Price (SLC/tonne),2016,2016,SLC,47978.2
Tea leaves,Producer Price (SLC/tonne),2017,2017,SLC,49609.4
Tea leaves,Producer Price (SLC/tonne),2018,2018,SLC,44330
Tea leaves,Producer Price (SLC/tonne),2019,2019,SLC,51130
Tea leaves,Producer Price (SLC/tonne),2020,2020,SLC,60130
Tea leaves,Producer Price (SLC/tonne),2021,2021,SLC,87630
Tea leaves,Producer Price (SLC/tonne),2022,2022,SLC,73330
Tea leaves,Producer Price (USD/tonne),2001,2001,USD,219.8
Tea leaves,Producer Price (USD/tonne),2002,2002,USD,269.9
Tea leaves,Producer Price (USD/tonne),2003,2003,USD,260.4
Tea leaves,Producer Price (USD/tonne),2004,2004,USD,246.3
Tea leaves,Producer Price (USD/tonne),2005,2005,USD,310.8
Tea leaves,Producer Price (USD/tonne),2006,2006,USD,329.9
Tea leaves,Producer Price (USD/tonne),2007,2007,USD,383
Tea leaves,Producer Price (USD/tonne),2008,2008,USD,382.2
Tea leaves,Producer Price (USD/tonne),2009,2009,USD,348.1
Tea leaves,Producer Price (USD/tonne),2010,2010,USD,395.8
Tea leaves,Producer Price (USD/tonne),2011,2011,USD,437.7
Tea leaves,Producer Price (USD/tonne),2012,2012,USD,393.1
Tea leaves,Producer Price (USD/tonne),2013,2013,USD,370.6
Tea leaves,Producer Price (USD/tonne),2014,2014,USD,409.2
Tea leaves,Producer Price (USD/tonne),2015,2015,USD,451
Tea leaves,Producer Price (USD/tonne),2016,2016,USD,446.8
Tea leaves,Producer Price (USD/tonne),2017,2017,USD,474.7
Tea leaves,Producer Price (USD/tonne),2018,2018,USD,407
Tea leaves,Producer Price (USD/tonne),2019,2019,USD,454
Tea leaves,Producer Price (USD/tonne),2020,2020,USD,508.1
Tea leaves,Producer Price (USD/tonne),2021,2021,USD,741.8
Tea leaves,Producer Price (USD/tonne),2022,2022,USD,585.7
Tea leaves,Producer Price Index (2014-2016 = 100),1991,1991,,39.77
Tea leaves,Producer Price Index (2014-2016 = 100),1992,1992,,33.26
Tea leaves,Producer Price Index (2014-2016 = 100),1993,1993,,33.68
Tea leaves,Producer Price Index (2014-2016 = 100),1994,1994,,35.25
Tea leaves,Producer Price Index (2014-2016 = 100),1995,1995,,36.95
Tea leaves,Producer Price Index (2014-2016 = 100),1996,1996,,36.25
Tea leaves,Producer Price Index (2014-2016 = 100),1997,1997,,37.73
Tea leaves,Producer Price Index (2014-2016 = 100),1998,1998,,35.55
Tea leaves,Producer Price Index (2014-2016 = 100),1999,1999,,37.13
Tea leaves,Producer Price Index (2014-2016 = 100),2000,2000,,38.15
Tea leaves,Producer Price Index (2014-2016 = 100),2001,2001,,36.86
Tea leaves,Producer Price Index (2014-2016 = 100),2002,2002,,47.03
Tea leaves,Producer Price Index (2014-2016 = 100),2003,2003,,44.37
Tea leaves,Producer Price Index (2014-2016 = 100),2004,2004,,40.6
Tea leaves,Producer Price Index (2014-2016 = 100),2005,2005,,49.62
Tea leaves,Producer Price Index (2014-2016 = 100),2006,2006,,53.7
Tea leaves,Producer Price Index (2014-2016 = 100),2007,2007,,56.92
Tea leaves,Producer Price Index (2014-2016 = 100),2008,2008,,59.66
Tea leaves,Producer Price Index (2014-2016 = 100),2009,2009,,60.41
Tea leaves,Producer Price Index (2014-2016 = 100),2010,2010,,64.89
Tea leaves,Producer Price Index (2014-2016 = 100),2011,2011,,72.5
Tea leaves,Producer Price Index (2014-2016 = 100),2012,2012,,74.96
Tea leaves,Producer Price Index (2014-2016 = 100),2013,2013,,77.19
Tea leaves,Producer Price Index (2014-2016 = 100),2014,2014,,89.31
Tea leaves,Producer Price Index (2014-2016 = 100),2015,2015,,103.34
Tea leaves,Producer Price Index (2014-2016 = 100),2016,2016,,107.35
Tea leaves,Producer Price Index (2014-2016 = 100),2017,2017,,111
Tea leaves,Producer Price Index (2014-2016 = 100),2018,2018,,99.19
Tea leaves,Producer Price Index (2014-2016 = 100),2019,2019,,114.4
Tea leaves,Producer Price Index (2014-2016 = 100),2020,2020,,134.54
Tea leaves,Producer Price Index (2014-2016 = 100),2021,2021,,196.07
Tea leaves,Producer Price Index (2014-2016 = 100),2022,2022,,164.08
Wheat,Producer Price (LCU/tonne),1991,1991,LCU,4594
Wheat,Producer Price (LCU/tonne),1992,1992,LCU,4880
Wheat,Producer Price (LCU/tonne),1993,1993,LCU,5725
Wheat,Producer Price (LCU/tonne),1994,1994,LCU,5780
Wheat,Producer Price (LCU/tonne),1995,1995,LCU,5880
Wheat,Producer Price (LCU/tonne),1996,1996,LCU,6940
Wheat,Producer Price (LCU/tonne),1997,1997,LCU,7900
Wheat,Producer Price (LCU/tonne),1998,1998,LCU,7860
Wheat,Producer Price (LCU/tonne),2000,2000,LCU,9515
Wheat,Producer Price (LCU/tonne),2001,2001,LCU,9791
Wheat,Producer Price (LCU/tonne),2002,2002,LCU,9815
Wheat,Producer Price (LCU/tonne),2003,2003,LCU,9880
Wheat,Producer Price (LCU/tonne),2004,2004,LCU,10752
Wheat,Producer Price (LCU/tonne),2005,2005,LCU,11790
Wheat,Producer Price (LCU/tonne),2006,2006,LCU,11952
Wheat,Producer Price (LCU/tonne),2007,2007,LCU,13625
Wheat,Producer Price (LCU/tonne),2008,2008,LCU,15381.1
Wheat,Producer Price (LCU/tonne),2009,2009,LCU,17016.1
Wheat,Producer Price (LCU/tonne),2010,2010,LCU,19790
Wheat,Producer Price (LCU/tonne),2011,2011,LCU,21630
Wheat,Producer Price (LCU/tonne),2012,2012,LCU,21710
Wheat,Producer Price (LCU/tonne),2013,2013,LCU,23900
Wheat,Producer Price (LCU/tonne),2014,2014,LCU,25812
Wheat,Producer Price (LCU/tonne),2015,2015,LCU,27877
Wheat,Producer Price (LCU/tonne),2016,2016,LCU,28724.4
Wheat,Producer Price (LCU/tonne),2017,2017,LCU,29063.3
Wheat,Producer Price (LCU/tonne),2018,2018,LCU,30030
Wheat,Producer Price (LCU/tonne),2019,2019,LCU,32090
Wheat,Producer Price (LCU/tonne),2020,2020,LCU,34930
Wheat,Producer Price (LCU/tonne),2021,2021,LCU,36370
Wheat,Producer Price (LCU/tonne),2022,2022,LCU,36740
Wheat,Producer Price (SLC/tonne),1991,1991,SLC,4594
Wheat,Producer Price (SLC/tonne),1992,1992,SLC,4880
Wheat,Producer Price (SLC/tonne),1993,1993,SLC,5725
Wheat,Producer Price (SLC/tonne),1994,1994,SLC,5780
Wheat,Producer Price (SLC/tonne),1995,1995,SLC,5880
Wheat,Producer Price (SLC/tonne),1996,1996,SLC,6940
Wheat,Producer Price (SLC/tonne),1997,1997,SLC,7900
Wheat,Producer Price (SLC/tonne),1998,1998,SLC,7860
Wheat,Producer Price (SLC/tonne),2000,2000,SLC,9515
Wheat,Producer Price (SLC/tonne),2001,2001,SLC,9791
Wheat,Producer Price (SLC/tonne),2002,2002,SLC,9815
Wheat,Producer Price (SLC/tonne),2003,2003,SLC,9880
Wheat,Producer Price (SLC/tonne),2004,2004,SLC,10752
Wheat,Producer Price (SLC/tonne),2005,2005,SLC,11790
Wheat,Producer Price (SLC/tonne),2006,2006,SLC,11952
Wheat,Producer Price (SLC/tonne),2007,2007,SLC,13625
Wheat,Producer Price (SLC/tonne),2008,2008,SLC,15381.1
Wheat,Producer Price (SLC/tonne),2009,2009,SLC,17016.1
Wheat,Producer Price (SLC/tonne),2010,2010,SLC,19790
Wheat,Producer Price (SLC/tonne),2011,2011,SLC,21630
Wheat,Producer Price (SLC/tonne),2012,2012,SLC,21710
Wheat,Producer Price (SLC/tonne),2013,2013,SLC,23900
Wheat,Producer Price (SLC/tonne),2014,2014,SLC,25812
Wheat,Producer Price (SLC/tonne),2015,2015,SLC,27877
Wheat,Producer Price (SLC/tonne),2016,2016,SLC,28724.4
Wheat,Producer Price (SLC/tonne),2017,2017,SLC,29063.3
Wheat,Producer Price (SLC/tonne),2018,2018,SLC,30030
Wheat,Producer Price (SLC/tonne),2019,2019,SLC,32090
Wheat,Producer Price (SLC/tonne),2020,2020,SLC,34930
Wheat,Producer Price (SLC/tonne),2021,2021,SLC,36370
Wheat,Producer Price (SLC/tonne),2022,2022,SLC,36740
Wheat,Producer Price (USD/tonne),1991,1991,USD,123.3
Wheat,Producer Price (USD/tonne),1992,1992,USD,114.2
Wheat,Producer Price (USD/tonne),1993,1993,USD,117.8
Wheat,Producer Price (USD/tonne),1994,1994,USD,117
Wheat,Producer Price (USD/tonne),1995,1995,USD,113.3
Wheat,Producer Price (USD/tonne),1996,1996,USD,122.4
Wheat,Producer Price (USD/tonne),1997,1997,USD,136.2
Wheat,Producer Price (USD/tonne),1998,1998,USD,119.1
Wheat,Producer Price (USD/tonne),2000,2000,USD,133.8
Wheat,Producer Price (USD/tonne),2001,2001,USD,130.6
Wheat,Producer Price (USD/tonne),2002,2002,USD,126
Wheat,Producer Price (USD/tonne),2003,2003,USD,129.8
Wheat,Producer Price (USD/tonne),2004,2004,USD,145.9
Wheat,Producer Price (USD/tonne),2005,2005,USD,165.2
Wheat,Producer Price (USD/tonne),2006,2006,USD,164.3
Wheat,Producer Price (USD/tonne),2007,2007,USD,205.1
Wheat,Producer Price (USD/tonne),2008,2008,USD,220.5
Wheat,Producer Price (USD/tonne),2009,2009,USD,219.4
Wheat,Producer Price (USD/tonne),2010,2010,USD,270.1
Wheat,Producer Price (USD/tonne),2011,2011,USD,292.2
Wheat,Producer Price (USD/tonne),2012,2012,USD,254.7
Wheat,Producer Price (USD/tonne),2013,2013,USD,256.8
Wheat,Producer Price (USD/tonne),2014,2014,USD,264.6
Wheat,Producer Price (USD/tonne),2015,2015,USD,272.2
Wheat,Producer Price (USD/tonne),2016,2016,USD,267.5
Wheat,Producer Price (USD/tonne),2017,2017,USD,278.1
Wheat,Producer Price (USD/tonne),2018,2018,USD,275.7
Wheat,Producer Price (USD/tonne),2019,2019,USD,285
Wheat,Producer Price (USD/tonne),2020,2020,USD,295.2
Wheat,Producer Price (USD/tonne),2021,2021,USD,307.9
Wheat,Producer Price (USD/tonne),2022,2022,USD,293.5
Wheat,Producer Price Index (2014-2016 = 100),1991,1991,,16.72
Wheat,Producer Price Index (2014-2016 = 100),1992,1992,,17.76
Wheat,Producer Price Index (2014-2016 = 100),1993,1993,,20.84
Wheat,Producer Price Index (2014-2016 = 100),1994,1994,,21.04
Wheat,Producer Price Index (2014-2016 = 100),1995,1995,,21.4
Wheat,Producer Price Index (2014-2016 = 100),1996,1996,,25.26
Wheat,Producer Price Index (2014-2016 = 100),1997,1997,,28.76
Wheat,Producer Price Index (2014-2016 = 100),1998,1998,,28.61
Wheat,Producer Price Index (2014-2016 = 100),1999,1999,,30.98
Wheat,Producer Price Index (2014-2016 = 100),2000,2000,,34.64
Wheat,Producer Price Index (2014-2016 = 100),2001,2001,,35.64
Wheat,Producer Price Index (2014-2016 = 100),2002,2002,,35.73
Wheat,Producer Price Index (2014-2016 = 100),2003,2003,,35.97
Wheat,Producer Price Index (2014-2016 = 100),2004,2004,,39.14
Wheat,Producer Price Index (2014-2016 = 100),2005,2005,,42.92
Wheat,Producer Price Index (2014-2016 = 100),2006,2006,,43.51
Wheat,Producer Price Index (2014-2016 = 100),2007,2007,,49.6
Wheat,Producer Price Index (2014-2016 = 100),2008,2008,,55.99
Wheat,Producer Price Index (2014-2016 = 100),2009,2009,,61.94
Wheat,Producer Price Index (2014-2016 = 100),2010,2010,,72.04
Wheat,Producer Price Index (2014-2016 = 100),2011,2011,,78.74
Wheat,Producer Price Index (2014-2016 = 100),2012,2012,,79.03
Wheat,Producer Price Index (2014-2016 = 100),2013,2013,,87
Wheat,Producer Price Index (2014-2016 = 100),2014,2014,,93.96
Wheat,Producer Price Index (2014-2016 = 100),2015,2015,,101.48
Wheat,Producer Price Index (2014-2016 = 100),2016,2016,,104.56
Wheat,Producer Price Index (2014-2016 = 100),2017,2017,,105.8
Wheat,Producer Price Index (2014-2016 = 100),2018,2018,,109.31
Wheat,Producer Price Index (2014-2016 = 100),2019,2019,,116.81
Wheat,Producer Price Index (2014-2016 = 100),2020,2020,,127.15
Wheat,Producer Price Index (2014-2016 = 100),2021,2021,,132.39
Wheat,Producer Price Index (2014-2016 = 100),2022,2022,,133.74
Jute & Jute-like Fibres,Producer Price Index (2014-2016 = 100),1991,1991,,22.28
Jute & Jute-like Fibres,Producer Price Index (2014-2016 = 100),1992,1992,,18.63
Jute & Jute-like Fibres,Producer Price Index (2014-2016 = 100),1993,1993,,18.87
Jute & Jute-like Fibres,Producer Price Index (2014-2016 = 100),1994,1994,,21.86
Jute & Jute-like Fibres,Producer Price Index (2014-2016 = 100),1995,1995,,24.86
Jute & Jute-like Fibres,Producer Price Index (2014-2016 = 100),1996,1996,,27.86
Jute & Jute-like Fibres,Producer Price Index (2014-2016 = 100),1997,1997,,30.86
Jute & Jute-like Fibres,Producer Price Index (2014-2016 = 100),1998,1998,,33.86
Jute & Jute-like Fibres,Producer Price Index (2014-2016 = 100),1999,1999,,36.86
Jute & Jute-like Fibres,Producer Price Index (2014-2016 = 100),2000,2000,,39.86
Jute & Jute-like Fibres,Producer Price Index (2014-2016 = 100),2001,2001,,52.21
Jute & Jute-like Fibres,Producer Price Index (2014-2016 = 100),2002,2002,,52.21
Jute & Jute-like Fibres,Producer Price Index (2014-2016 = 100),2003,2003,,53.62
Jute & Jute-like Fibres,Producer Price Index (2014-2016 = 100),2004,2004,,53.62
Jute & Jute-like Fibres,Producer Price Index (2014-2016 = 100),2005,2005,,53.62
Jute & Jute-like Fibres,Producer Price Index (2014-2016 = 100),2006,2006,,52.91
Jute & Jute-like Fibres,Producer Price Index (2014-2016 = 100),2007,2007,,60.32
Jute & Jute-like Fibres,Producer Price Index (2014-2016 = 100),2008,2008,,61.73
Jute & Jute-like Fibres,Producer Price Index (2014-2016 = 100),2009,2009,,72.6
Jute & Jute-like Fibres,Producer Price Index (2014-2016 = 100),2010,2010,,79.49
Jute & Jute-like Fibres,Producer Price Index (2014-2016 = 100),2011,2011,,70.68
Jute & Jute-like Fibres,Producer Price Index (2014-2016 = 100),2012,2012,,78
Jute & Jute-like Fibres,Producer Price Index (2014-2016 = 100),2013,2013,,78
Jute & Jute-like Fibres,Producer Price Index (2014-2016 = 100),2014,2014,,89.69
Jute & Jute-like Fibres,Producer Price Index (2014-2016 = 100),2015,2015,,103.15
Jute & Jute-like Fibres,Producer Price Index (2014-2016 = 100),2016,2016,,107.16
Jute & Jute-like Fibres,Producer Price Index (2014-2016 = 100),2017,2017,,110.83
Jute & Jute-like Fibres,Producer Price Index (2014-2016 = 100),2018,2018,,131.1
Jute & Jute-like Fibres,Producer Price Index (2014-2016 = 100),2019,2019,,144.02
Jute & Jute-like Fibres,Producer Price Index (2014-2016 = 100),2020,2020,,137.61
Jute & Jute-like Fibres,Producer Price Index (2014-2016 = 100),2021,2021,,230.04
Jute & Jute-like Fibres,Producer Price Index (2014-2016 = 100),2022,2022,,227.82